#
# A fatal error has been detected by the Java Runtime Environment:
#
#  EXCEPTION_ACCESS_VIOLATION (0xc0000005) at pc=0x00007ffa063135a0, pid=15128, tid=14860
#
# JRE version: Java(TM) SE Runtime Environment (17.0.12+8) (build 17.0.12+8-LTS-286)
# Java VM: Java HotSpot(TM) 64-Bit Server VM (17.0.12+8-LTS-286, mixed mode, sharing, tiered, compressed oops, compressed class ptrs, g1 gc, windows-amd64)
# Problematic frame:
# V  [jvm.dll+0x6835a0]
#
# No core dump will be written. Minidumps are not enabled by default on client versions of Windows
#
# If you would like to submit a bug report, please visit:
#   https://bugreport.java.com/bugreport/crash.jsp
#

---------------  S U M M A R Y ------------

Command Line: --add-opens=java.base/java.lang=ALL-UNNAMED --add-opens=java.base/java.lang.invoke=ALL-UNNAMED --add-opens=java.base/java.util=ALL-UNNAMED --add-opens=java.prefs/java.util.prefs=ALL-UNNAMED --add-exports=jdk.compiler/com.sun.tools.javac.api=ALL-UNNAMED --add-exports=jdk.compiler/com.sun.tools.javac.util=ALL-UNNAMED --add-opens=java.base/java.nio.charset=ALL-UNNAMED --add-opens=java.base/java.net=ALL-UNNAMED --add-opens=java.base/java.util.concurrent=ALL-UNNAMED --add-opens=java.base/java.util.concurrent.atomic=ALL-UNNAMED --add-opens=java.xml/javax.xml.namespace=ALL-UNNAMED --add-opens=java.base/java.time=ALL-UNNAMED -Xmx2g -Dfile.encoding=UTF-8 -Duser.country=CN -Duser.language=zh -Duser.variant -javaagent:C:\Users\Chen\.gradle\wrapper\dists\gradle-9.6.1-bin\4ticwg1pgcbps2hj28r8so764\gradle-9.6.1\lib\agents\gradle-instrumentation-agent-9.6.1.jar org.gradle.launcher.daemon.bootstrap.GradleDaemon 9.6.1

Host: 13th Gen Intel(R) Core(TM) i5-13600K, 20 cores, 31G,  Windows 10 , 64 bit Build 19041 (10.0.19041.7548)
Time: Mon Aug 10 21:52:46 2026  Windows 10 , 64 bit Build 19041 (10.0.19041.7548) elapsed time: 1633.184613 seconds (0d 0h 27m 13s)

---------------  T H R E A D  ---------------

Current thread (0x000001f8ba340000):  VMThread "VM Thread" [stack: 0x000000cca6b00000,0x000000cca6c00000] [id=14860]

Stack: [0x000000cca6b00000,0x000000cca6c00000],  sp=0x000000cca6bfec90,  free space=1019k
Native frames: (J=compiled Java code, j=interpreted, Vv=VM code, C=native code)
V  [jvm.dll+0x6835a0]
V  [jvm.dll+0x1f4724]
V  [jvm.dll+0x751bd4]
V  [jvm.dll+0x2e77f8]
V  [jvm.dll+0x2e62ca]
V  [jvm.dll+0x31a870]
V  [jvm.dll+0x7e0d9b]
V  [jvm.dll+0x7e1ad4]
V  [jvm.dll+0x7e1fed]
V  [jvm.dll+0x7e23c4]
V  [jvm.dll+0x7e2490]
V  [jvm.dll+0x78abea]
V  [jvm.dll+0x678f35]
C  [ucrtbase.dll+0x21bb2]
C  [KERNEL32.DLL+0x17374]
C  [ntdll.dll+0x4cc91]


siginfo: EXCEPTION_ACCESS_VIOLATION (0xc0000005), reading address 0x0000001000000018


Registers:
RAX=0x000001f8887e92e0, RBX=0x0000001000000000, RCX=0x000001f882c410c0, RDX=0x00007ffa06576b10
RSP=0x000000cca6bfec90, RBP=0x0000000000000009, RSI=0x0000000000000001, RDI=0x0000000000000000
R8 =0x0000000000000001, R9 =0x0000000000000001, R10=0x000000000000004c, R11=0x000000cca6bfeb60
R12=0x0000000000000000, R13=0x000001f882c410c0, R14=0x000001f89b0e95e0, R15=0x0000000000000048
RIP=0x00007ffa063135a0, EFLAGS=0x0000000000010206


Register to memory mapping:

RIP=0x00007ffa063135a0 jvm.dll
RAX=0x000001f8887e92e0 points into unknown readable memory: 0x0000000000000000 | 00 00 00 00 00 00 00 00
RBX=0x0000001000000000 is an unknown value
RCX=0x000001f882c410c0 points into unknown readable memory: 0xffffffff0000006d | 6d 00 00 00 ff ff ff ff
RDX=0x00007ffa06576b10 jvm.dll
RSP=0x000000cca6bfec90 points into unknown readable memory: 0x00000003cd73b7fe | fe b7 73 cd 03 00 00 00
RBP=0x0000000000000009 is an unknown value
RSI=0x0000000000000001 is an unknown value
RDI=0x0 is NULL
R8 =0x0000000000000001 is an unknown value
R9 =0x0000000000000001 is an unknown value
R10=0x000000000000004c is an unknown value
R11=0x000000cca6bfeb60 points into unknown readable memory: 0x0000000000000000 | 00 00 00 00 00 00 00 00
R12=0x0 is NULL
R13=0x000001f882c410c0 points into unknown readable memory: 0xffffffff0000006d | 6d 00 00 00 ff ff ff ff
R14=0x000001f89b0e95e0 points into unknown readable memory: 0x00007ffa0658a338 | 38 a3 58 06 fa 7f 00 00
R15=0x0000000000000048 is an unknown value


Top of Stack: (sp=0x000000cca6bfec90)
0x000000cca6bfec90:   00000003cd73b7fe 0000000000000000
0x000000cca6bfeca0:   000001f898cea9c0 00007ffa05e9e5bc
0x000000cca6bfecb0:   000000cca6bfed70 0000005000000000
0x000000cca6bfecc0:   000001f898e90150 00007ffa05e82b83
0x000000cca6bfecd0:   00003856383efa73 00007ffa05f71a79
0x000000cca6bfece0:   000001f8ba335810 000001f89b0e95e0
0x000000cca6bfecf0:   000001f89b168a30 000001f8ba335820
0x000000cca6bfed00:   000000cca6bfef00 00007ffa05e84724
0x000000cca6bfed10:   000001f8baecd460 0000000000000001
0x000000cca6bfed20:   0000000000000000 000001f8ba335820
0x000000cca6bfed30:   0000000000000000 00007ffa063e1bd4
0x000000cca6bfed40:   000000000000000f 000001f89b136770
0x000000cca6bfed50:   000001f898cea9c0 000001f89b0e95e0
0x000000cca6bfed60:   0000000000000000 000001f883fd2820
0x000000cca6bfed70:   00007ffa06573518 000001f8ba330000
0x000000cca6bfed80:   00007ffa065efa28 00007f000000000d 

Instructions: (pc=0x00007ffa063135a0)
0x00007ffa063134a0:   8b c7 48 8b 5c 24 30 48 8b 74 24 38 48 83 c4 20
0x00007ffa063134b0:   5f c3 48 8b 5c 24 30 48 8b 74 24 38 48 83 c4 20
0x00007ffa063134c0:   5f e9 ba fd ff ff cc cc cc cc cc cc cc cc cc cc
0x00007ffa063134d0:   48 89 74 24 18 57 48 83 ec 20 48 8b 41 18 48 8b
0x00007ffa063134e0:   f2 48 8b f9 80 78 4f 00 75 4d 83 79 20 01 74 47
0x00007ffa063134f0:   48 83 79 28 00 74 40 48 8b 41 28 48 89 6c 24 38
0x00007ffa06313500:   48 63 28 48 85 ed 7e 2a 48 89 5c 24 30 33 db 90
0x00007ffa06313510:   48 8b 47 28 48 8b ce 4c 8b 06 48 8b 50 08 48 8b
0x00007ffa06313520:   14 da 41 ff 10 48 ff c3 48 3b dd 7c e3 48 8b 5c
0x00007ffa06313530:   24 30 48 8b 6c 24 38 48 8b 74 24 40 48 83 c4 20
0x00007ffa06313540:   5f c3 cc cc cc cc cc cc cc cc cc cc cc cc cc cc
0x00007ffa06313550:   48 8b c4 55 41 54 41 55 48 83 ec 60 45 33 e4 4c
0x00007ffa06313560:   8b e9 41 8b ec 44 39 21 0f 8e ed 01 00 00 48 89
0x00007ffa06313570:   58 08 48 89 70 10 48 89 78 18 4c 89 70 e0 4c 89
0x00007ffa06313580:   78 d8 45 8b fc 49 8b 45 08 49 8b 1c 07 48 85 db
0x00007ffa06313590:   0f 84 93 01 00 00 66 66 0f 1f 84 00 00 00 00 00
0x00007ffa063135a0:   48 8b 43 18 0f b6 48 4f 84 c9 0f 85 8a 00 00 00
0x00007ffa063135b0:   83 7b 20 01 0f 84 80 00 00 00 4c 8d 73 28 84 c9
0x00007ffa063135c0:   75 19 83 7b 20 01 74 05 4d 39 26 75 0e 84 c9 75
0x00007ffa063135d0:   0a 83 7b 20 02 0f 85 41 01 00 00 44 38 63 26 0f
0x00007ffa063135e0:   84 37 01 00 00 49 8b 06 48 85 c0 0f 84 2b 01 00
0x00007ffa063135f0:   00 44 39 20 0f 84 22 01 00 00 44 88 63 26 4c 39
0x00007ffa06313600:   25 6b 68 48 00 0f 84 c7 00 00 00 48 8d 4c 24 20
0x00007ffa06313610:   e8 2b fd a1 ff 4c 39 25 54 68 48 00 74 7a 48 8b
0x00007ffa06313620:   43 18 48 85 c0 74 4f 48 8b 48 10 48 85 c9 74 46
0x00007ffa06313630:   e8 1b 42 0c 00 48 8b f8 eb 43 4c 39 63 28 4c 8d
0x00007ffa06313640:   73 28 0f 84 76 ff ff ff 49 8b 3e f6 47 10 01 74
0x00007ffa06313650:   15 48 8b 4f 08 48 85 c9 74 09 e8 71 81 a2 ff 4c
0x00007ffa06313660:   89 67 08 4c 89 27 48 8b cf e8 b2 26 a2 ff 4d 89
0x00007ffa06313670:   26 e9 a6 00 00 00 48 8d 3d 1b 56 28 00 48 8b 4b
0x00007ffa06313680:   10 e8 ca 41 0c 00 48 8b d0 48 8d 0d a0 cd 2c 00
0x00007ffa06313690:   4c 8b c7 e8 b8 40 ce ff 48 8b 74 24 28 48 8b 7c 


Stack slot to memory mapping:
stack at sp + 0 slots: 0x00000003cd73b7fe is an unknown value
stack at sp + 1 slots: 0x0 is NULL
stack at sp + 2 slots: 0x000001f898cea9c0 points into unknown readable memory: 0x00007ffa0661d7a0 | a0 d7 61 06 fa 7f 00 00
stack at sp + 3 slots: 0x00007ffa05e9e5bc jvm.dll
stack at sp + 4 slots: 0x000000cca6bfed70 points into unknown readable memory: 0x00007ffa06573518 | 18 35 57 06 fa 7f 00 00
stack at sp + 5 slots: 0x0000005000000000 is an unknown value
stack at sp + 6 slots: 0x000001f898e90150 points into unknown readable memory: 0x000000000f050001 | 01 00 05 0f 00 00 00 00
stack at sp + 7 slots: 0x00007ffa05e82b83 jvm.dll

VM_Operation (0x000000cca67ff3a0): G1Concurrent, mode: safepoint, requested by thread 0x000001f89b1470b0


---------------  P R O C E S S  ---------------

Threads class SMR info:
_java_thread_list=0x000001f89035c9b0, length=129, elements={
0x000001f89b0da5d0, 0x000001f8ba343c00, 0x000001f8ba344a80, 0x000001f8ba437a30,
0x000001f8ba439910, 0x000001f8ba43d3f0, 0x000001f8ba43fdc0, 0x000001f8ba4412d0,
0x000001f8ba441cd0, 0x000001f8ba4446e0, 0x000001f8ba54dfd0, 0x000001f8ba54ad30,
0x000001f8ba54c170, 0x000001f8ba54b750, 0x000001f8ba54dac0, 0x000001f881448ff0,
0x000001f88144d1c0, 0x000001f88144eb10, 0x000001f8836c0080, 0x000001f882ae1970,
0x000001f882ae2db0, 0x000001f885512590, 0x000001f884f989b0, 0x000001f884f97f90,
0x000001f884f993d0, 0x000001f884f98ec0, 0x000001f885650d60, 0x000001f88f267500,
0x000001f88f267a10, 0x000001f88fb92970, 0x000001f8879c19d0, 0x000001f8879c1ee0,
0x000001f904517770, 0x000001f884f68db0, 0x000001f884f67460, 0x000001f884f66530,
0x000001f884f66a40, 0x000001f884f688a0, 0x000001f884f66f50, 0x000001f884f68390,
0x000001f884f692c0, 0x000001f884f697d0, 0x000001f8836c19d0, 0x000001f8836c14c0,
0x000001f88e514110, 0x000001f88e510e70, 0x000001f88e511380, 0x000001f8836c0aa0,
0x000001f8836c0fb0, 0x000001f8879c23f0, 0x000001f8879c2900, 0x000001f8879c2e10,
0x000001f89084d100, 0x000001f890849950, 0x000001f89084a880, 0x000001f89084b7b0,
0x000001f89084a370, 0x000001f89084bcc0, 0x000001f89084cbf0, 0x000001f89084c1d0,
0x000001f89084c6e0, 0x000001f89084b2a0, 0x000001f890849e60, 0x000001f885650340,
0x000001f88564e9f0, 0x000001f88564e4e0, 0x000001f88564f410, 0x000001f908aeec70,
0x000001f908ae9cc0, 0x000001f8bac54900, 0x000001f88ef28b10, 0x000001f8879c14c0,
0x000001f8bac539d0, 0x000001f882c6f9d0, 0x000001f8bac54e10, 0x000001f8836bca80,
0x000001f88e512cd0, 0x000001f88e5131e0, 0x000001f88e5136f0, 0x000001f88753b960,
0x000001f88753af40, 0x000001f88753c890, 0x000001f88753be70, 0x000001f88753c380,
0x000001f88753b450, 0x000001f907b23dd0, 0x000001f907b233b0, 0x000001f907b22480,
0x000001f907b21f70, 0x000001f907b22ea0, 0x000001f907b238c0, 0x000001f907b22990,
0x000001f907b242e0, 0x000001f907b21040, 0x000001f907b247f0, 0x000001f886e7efd0,
0x000001f88f2665d0, 0x000001f907b21550, 0x000001f882ae28a0, 0x000001f889245490,
0x000001f888f9d020, 0x000001f88fa3f320, 0x000001f889244a70, 0x000001f882c6b9b0,
0x000001f90a757fa0, 0x000001f907b21a60, 0x000001f90b0fd9d0, 0x000001f908aebca0,
0x000001f908aecc90, 0x000001f908ae8230, 0x000001f908ae9770, 0x000001f88564f920,
0x000001f886e81340, 0x000001f88ef29020, 0x000001f88f266ae0, 0x000001f88f266ff0,
0x000001f90e3fca80, 0x000001f90e3fc060, 0x000001f90e3fbb50, 0x000001f886e7f9f0,
0x000001f886e80410, 0x000001f886e7db90, 0x000001f886e80e30, 0x000001f886e7eac0,
0x000001f884f984a0, 0x000001f88103cba0, 0x000001f90b0fc080, 0x000001f88913c090,
0x000001f88564fe30
}

Java Threads: ( => current thread )
  0x000001f89b0da5d0 JavaThread "main" [_thread_blocked, id=13748, stack(0x000000cca6500000,0x000000cca6600000)]
  0x000001f8ba343c00 JavaThread "Reference Handler" daemon [_thread_blocked, id=7172, stack(0x000000cca6c00000,0x000000cca6d00000)]
  0x000001f8ba344a80 JavaThread "Finalizer" daemon [_thread_blocked, id=1304, stack(0x000000cca6d00000,0x000000cca6e00000)]
  0x000001f8ba437a30 JavaThread "Signal Dispatcher" daemon [_thread_blocked, id=1784, stack(0x000000cca6e00000,0x000000cca6f00000)]
  0x000001f8ba439910 JavaThread "Attach Listener" daemon [_thread_blocked, id=13096, stack(0x000000cca6f00000,0x000000cca7000000)]
  0x000001f8ba43d3f0 JavaThread "Service Thread" daemon [_thread_blocked, id=12100, stack(0x000000cca7000000,0x000000cca7100000)]
  0x000001f8ba43fdc0 JavaThread "Monitor Deflation Thread" daemon [_thread_blocked, id=2156, stack(0x000000cca7100000,0x000000cca7200000)]
  0x000001f8ba4412d0 JavaThread "C2 CompilerThread0" daemon [_thread_blocked, id=8632, stack(0x000000cca7200000,0x000000cca7300000)]
  0x000001f8ba441cd0 JavaThread "C1 CompilerThread0" daemon [_thread_blocked, id=11676, stack(0x000000cca7300000,0x000000cca7400000)]
  0x000001f8ba4446e0 JavaThread "Sweeper thread" daemon [_thread_blocked, id=11876, stack(0x000000cca7400000,0x000000cca7500000)]
  0x000001f8ba54dfd0 JavaThread "Common-Cleaner" daemon [_thread_blocked, id=10096, stack(0x000000cca7500000,0x000000cca7600000)]
  0x000001f8ba54ad30 JavaThread "Notification Thread" daemon [_thread_blocked, id=14852, stack(0x000000cca7a00000,0x000000cca7b00000)]
  0x000001f8ba54c170 JavaThread "Daemon health stats" [_thread_blocked, id=14464, stack(0x000000cca8a00000,0x000000cca8b00000)]
  0x000001f8ba54b750 JavaThread "Incoming local TCP Connector on port 52475" [_thread_in_native, id=7332, stack(0x000000cca8b00000,0x000000cca8c00000)]
  0x000001f8ba54dac0 JavaThread "Daemon periodic checks" [_thread_blocked, id=2712, stack(0x000000cca8c00000,0x000000cca8d00000)]
  0x000001f881448ff0 JavaThread "Cache worker for journal cache (C:\Users\Chen\.gradle\caches\journal-1)" [_thread_blocked, id=1964, stack(0x000000cca9000000,0x000000cca9100000)]
  0x000001f88144d1c0 JavaThread "File lock request listener" [_thread_in_native, id=13036, stack(0x000000cca9100000,0x000000cca9200000)]
  0x000001f88144eb10 JavaThread "Cache worker for file hash cache (C:\Users\Chen\.gradle\caches\9.6.1\fileHashes)" [_thread_blocked, id=1564, stack(0x000000cca9200000,0x000000cca9300000)]
  0x000001f8836c0080 JavaThread "File watcher server" daemon [_thread_blocked, id=14388, stack(0x000000cca9d00000,0x000000cca9e00000)]
  0x000001f882ae1970 JavaThread "File watcher consumer" daemon [_thread_blocked, id=5248, stack(0x000000cca9e00000,0x000000cca9f00000)]
  0x000001f882ae2db0 JavaThread "Cache worker for file content cache (C:\Users\Chen\.gradle\caches\9.6.1\fileContent)" [_thread_blocked, id=12320, stack(0x000000cca9f00000,0x000000ccaa000000)]
  0x000001f885512590 JavaThread "Memory manager" [_thread_blocked, id=348, stack(0x000000ccabe00000,0x000000ccabf00000)]
  0x000001f884f989b0 JavaThread "RMI Scheduler(0)" daemon [_thread_blocked, id=12076, stack(0x000000ccae100000,0x000000ccae200000)]
  0x000001f884f97f90 JavaThread "RMI GC Daemon" daemon [_thread_blocked, id=15136, stack(0x000000ccae300000,0x000000ccae400000)]
  0x000001f884f993d0 JavaThread "RMI TCP Accept-0" daemon [_thread_in_native, id=4484, stack(0x000000ccae400000,0x000000ccae500000)]
  0x000001f884f98ec0 JavaThread "RMI Reaper" [_thread_blocked, id=4216, stack(0x000000ccae500000,0x000000ccae600000)]
  0x000001f885650d60 JavaThread "Cache worker for Java compile cache (C:\Users\Chen\.gradle\caches\9.6.1\javaCompile)" [_thread_blocked, id=11088, stack(0x000000ccab700000,0x000000ccab800000)]
  0x000001f88f267500 JavaThread "ForkJoinPool.commonPool-worker-19" daemon [_thread_blocked, id=3528, stack(0x000000ccabd00000,0x000000ccabe00000)]
  0x000001f88f267a10 JavaThread "ForkJoinPool.commonPool-worker-21" daemon [_thread_blocked, id=13092, stack(0x000000ccac000000,0x000000ccac100000)]
  0x000001f88fb92970 JavaThread "ForkJoinPool.commonPool-worker-22" daemon [_thread_blocked, id=1976, stack(0x000000ccac100000,0x000000ccac200000)]
  0x000001f8879c19d0 JavaThread "RMI TCP Connection(30)-127.0.0.1" daemon [_thread_in_native, id=15164, stack(0x000000cca6200000,0x000000cca6300000)]
  0x000001f8879c1ee0 JavaThread "RMI TCP Connection(31)-127.0.0.1" daemon [_thread_in_native, id=11776, stack(0x000000cca6300000,0x000000cca6400000)]
  0x000001f904517770 JavaThread "Daemon Thread 5" [_thread_blocked, id=10424, stack(0x000000cca6400000,0x000000cca6500000)]
  0x000001f884f68db0 JavaThread "Handler for socket connection from /127.0.0.1:52475 to /127.0.0.1:54392" [_thread_in_native, id=4264, stack(0x000000cca7600000,0x000000cca7700000)]
  0x000001f884f67460 JavaThread "Cancel handler" [_thread_blocked, id=15168, stack(0x000000cca7700000,0x000000cca7800000)]
  0x000001f884f66530 JavaThread "Daemon worker Thread 5" [_thread_blocked, id=10672, stack(0x000000cca7800000,0x000000cca7900000)]
  0x000001f884f66a40 JavaThread "Asynchronous log dispatcher for DefaultDaemonConnection: socket connection from /127.0.0.1:52475 to /127.0.0.1:54392" [_thread_blocked, id=9924, stack(0x000000cca7900000,0x000000cca7a00000)]
  0x000001f884f688a0 JavaThread "Stdin handler" [_thread_blocked, id=10072, stack(0x000000cca7c00000,0x000000cca7d00000)]
  0x000001f884f66f50 JavaThread "Daemon client event forwarder" [_thread_blocked, id=2000, stack(0x000000cca7d00000,0x000000cca7e00000)]
  0x000001f884f68390 JavaThread "Cache worker for file hash cache (E:\workspace\Nexus\tim_bridge\.gradle\9.6.1\fileHashes)" [_thread_blocked, id=14436, stack(0x000000cca8d00000,0x000000cca8e00000)]
  0x000001f884f692c0 JavaThread "Cache worker for Build Output Cleanup Cache (E:\workspace\Nexus\tim_bridge\.gradle\buildOutputCleanup)" [_thread_blocked, id=3064, stack(0x000000cca8e00000,0x000000cca8f00000)]
  0x000001f884f697d0 JavaThread "Cache worker for checksums cache (E:\workspace\Nexus\tim_bridge\.gradle\9.6.1\checksums)" [_thread_blocked, id=13700, stack(0x000000cca8f00000,0x000000cca9000000)]
  0x000001f8836c19d0 JavaThread "Cache worker for cache directory md-supplier (C:\Users\Chen\.gradle\caches\9.6.1\md-supplier)" [_thread_blocked, id=11476, stack(0x000000cca9300000,0x000000cca9400000)]
  0x000001f8836c14c0 JavaThread "Cache worker for cache directory md-rule (C:\Users\Chen\.gradle\caches\9.6.1\md-rule)" [_thread_blocked, id=7952, stack(0x000000cca9a00000,0x000000cca9b00000)]
  0x000001f88e514110 JavaThread "Build operations" [_thread_blocked, id=13348, stack(0x000000ccaa000000,0x000000ccaa100000)]
  0x000001f88e510e70 JavaThread "Build operations Thread 2" [_thread_blocked, id=3128, stack(0x000000ccaa100000,0x000000ccaa200000)]
  0x000001f88e511380 JavaThread "Build operations Thread 3" [_thread_blocked, id=2096, stack(0x000000ccaa200000,0x000000ccaa300000)]
  0x000001f8836c0aa0 JavaThread "Build operations Thread 4" [_thread_blocked, id=8340, stack(0x000000ccaa300000,0x000000ccaa400000)]
  0x000001f8836c0fb0 JavaThread "Build operations Thread 5" [_thread_blocked, id=13376, stack(0x000000ccaa400000,0x000000ccaa500000)]
  0x000001f8879c23f0 JavaThread "Build operations Thread 6" [_thread_blocked, id=14052, stack(0x000000ccaa500000,0x000000ccaa600000)]
  0x000001f8879c2900 JavaThread "Build operations Thread 7" [_thread_blocked, id=748, stack(0x000000ccaa600000,0x000000ccaa700000)]
  0x000001f8879c2e10 JavaThread "Build operations Thread 8" [_thread_blocked, id=11732, stack(0x000000ccaa700000,0x000000ccaa800000)]
  0x000001f89084d100 JavaThread "Build operations Thread 9" [_thread_blocked, id=10480, stack(0x000000ccaa800000,0x000000ccaa900000)]
  0x000001f890849950 JavaThread "Build operations Thread 10" [_thread_blocked, id=15208, stack(0x000000ccaa900000,0x000000ccaaa00000)]
  0x000001f89084a880 JavaThread "Build operations Thread 11" [_thread_blocked, id=2324, stack(0x000000ccaaa00000,0x000000ccaab00000)]
  0x000001f89084b7b0 JavaThread "Build operations Thread 12" [_thread_blocked, id=13872, stack(0x000000ccaab00000,0x000000ccaac00000)]
  0x000001f89084a370 JavaThread "Build operations Thread 13" [_thread_blocked, id=10800, stack(0x000000ccaac00000,0x000000ccaad00000)]
  0x000001f89084bcc0 JavaThread "Build operations Thread 14" [_thread_blocked, id=14740, stack(0x000000ccaad00000,0x000000ccaae00000)]
  0x000001f89084cbf0 JavaThread "Build operations Thread 15" [_thread_blocked, id=8204, stack(0x000000ccaae00000,0x000000ccaaf00000)]
  0x000001f89084c1d0 JavaThread "Build operations Thread 16" [_thread_blocked, id=15236, stack(0x000000ccaaf00000,0x000000ccab000000)]
  0x000001f89084c6e0 JavaThread "Build operations Thread 17" [_thread_blocked, id=14156, stack(0x000000ccab000000,0x000000ccab100000)]
  0x000001f89084b2a0 JavaThread "Build operations Thread 18" [_thread_blocked, id=11252, stack(0x000000ccab100000,0x000000ccab200000)]
  0x000001f890849e60 JavaThread "Build operations Thread 19" [_thread_blocked, id=4708, stack(0x000000ccab200000,0x000000ccab300000)]
  0x000001f885650340 JavaThread "Build operations Thread 20" [_thread_blocked, id=13580, stack(0x000000ccab400000,0x000000ccab500000)]
  0x000001f88564e9f0 JavaThread "Problems report writer" [_thread_blocked, id=5356, stack(0x000000ccab900000,0x000000ccaba00000)]
  0x000001f88564e4e0 JavaThread "build event listener" [_thread_blocked, id=10756, stack(0x000000ccaba00000,0x000000ccabb00000)]
  0x000001f88564f410 JavaThread "build event listener" [_thread_blocked, id=8832, stack(0x000000ccabb00000,0x000000ccabc00000)]
  0x000001f908aeec70 JavaThread "C1 CompilerThread1" daemon [_thread_blocked, id=12728, stack(0x000000ccabc00000,0x000000ccabd00000)]
  0x000001f908ae9cc0 JavaThread "C1 CompilerThread2" daemon [_thread_blocked, id=12524, stack(0x000000ccabf00000,0x000000ccac000000)]
  0x000001f8bac54900 JavaThread "ForkJoinPool.commonPool-worker-25" daemon [_thread_blocked, id=14496, stack(0x000000ccac300000,0x000000ccac400000)]
  0x000001f88ef28b10 JavaThread "ForkJoinPool.commonPool-worker-24" daemon [_thread_blocked, id=14656, stack(0x000000ccac400000,0x000000ccac500000)]
  0x000001f8879c14c0 JavaThread "ForkJoinPool.commonPool-worker-26" daemon [_thread_blocked, id=14180, stack(0x000000ccac600000,0x000000ccac700000)]
  0x000001f8bac539d0 JavaThread "ForkJoinPool.commonPool-worker-27" daemon [_thread_blocked, id=2420, stack(0x000000ccac700000,0x000000ccac800000)]
  0x000001f882c6f9d0 JavaThread "ForkJoinPool.commonPool-worker-28" daemon [_thread_blocked, id=2412, stack(0x000000ccaca00000,0x000000ccacb00000)]
  0x000001f8bac54e10 JavaThread "ForkJoinPool.commonPool-worker-29" daemon [_thread_blocked, id=9072, stack(0x000000ccacb00000,0x000000ccacc00000)]
  0x000001f8836bca80 JavaThread "included builds" [_thread_blocked, id=7564, stack(0x000000ccacc00000,0x000000ccacd00000)]
  0x000001f88e512cd0 JavaThread "Execution worker" [_thread_blocked, id=13804, stack(0x000000ccacd00000,0x000000ccace00000)]
  0x000001f88e5131e0 JavaThread "Execution worker Thread 2" [_thread_blocked, id=1772, stack(0x000000ccace00000,0x000000ccacf00000)]
  0x000001f88e5136f0 JavaThread "Execution worker Thread 3" [_thread_blocked, id=1668, stack(0x000000ccacf00000,0x000000ccad000000)]
  0x000001f88753b960 JavaThread "Execution worker Thread 4" [_thread_blocked, id=13572, stack(0x000000ccad000000,0x000000ccad100000)]
  0x000001f88753af40 JavaThread "Execution worker Thread 5" [_thread_blocked, id=13624, stack(0x000000ccad100000,0x000000ccad200000)]
  0x000001f88753c890 JavaThread "Execution worker Thread 6" [_thread_blocked, id=7980, stack(0x000000ccad200000,0x000000ccad300000)]
  0x000001f88753be70 JavaThread "Execution worker Thread 7" [_thread_blocked, id=9284, stack(0x000000ccad300000,0x000000ccad400000)]
  0x000001f88753c380 JavaThread "Execution worker Thread 8" [_thread_blocked, id=12972, stack(0x000000ccad400000,0x000000ccad500000)]
  0x000001f88753b450 JavaThread "Execution worker Thread 9" [_thread_blocked, id=14716, stack(0x000000ccad500000,0x000000ccad600000)]
  0x000001f907b23dd0 JavaThread "Execution worker Thread 10" [_thread_blocked, id=15072, stack(0x000000ccad600000,0x000000ccad700000)]
  0x000001f907b233b0 JavaThread "Execution worker Thread 11" [_thread_blocked, id=14364, stack(0x000000ccad700000,0x000000ccad800000)]
  0x000001f907b22480 JavaThread "Execution worker Thread 12" [_thread_blocked, id=1696, stack(0x000000ccad800000,0x000000ccad900000)]
  0x000001f907b21f70 JavaThread "Execution worker Thread 13" [_thread_blocked, id=4900, stack(0x000000ccad900000,0x000000ccada00000)]
  0x000001f907b22ea0 JavaThread "Execution worker Thread 14" [_thread_blocked, id=12640, stack(0x000000ccada00000,0x000000ccadb00000)]
  0x000001f907b238c0 JavaThread "Execution worker Thread 15" [_thread_blocked, id=13852, stack(0x000000ccadb00000,0x000000ccadc00000)]
  0x000001f907b22990 JavaThread "Execution worker Thread 16" [_thread_blocked, id=1508, stack(0x000000ccadc00000,0x000000ccadd00000)]
  0x000001f907b242e0 JavaThread "Execution worker Thread 17" [_thread_blocked, id=9356, stack(0x000000ccadd00000,0x000000ccade00000)]
  0x000001f907b21040 JavaThread "Execution worker Thread 18" [_thread_blocked, id=3184, stack(0x000000ccade00000,0x000000ccadf00000)]
  0x000001f907b247f0 JavaThread "Execution worker Thread 19" [_thread_blocked, id=5104, stack(0x000000ccadf00000,0x000000ccae000000)]
  0x000001f886e7efd0 JavaThread "Cache worker for execution history cache (E:\workspace\Nexus\tim_bridge\.gradle\9.6.1\executionHistory)" [_thread_blocked, id=4732, stack(0x000000ccae000000,0x000000ccae100000)]
  0x000001f88f2665d0 JavaThread "WorkerExecutor Queue" [_thread_blocked, id=712, stack(0x000000ccae200000,0x000000ccae300000)]
  0x000001f907b21550 JavaThread "WorkerExecutor Queue Thread 2" [_thread_blocked, id=12064, stack(0x000000ccae700000,0x000000ccae800000)]
  0x000001f882ae28a0 JavaThread "WorkerExecutor Queue Thread 3" [_thread_blocked, id=9516, stack(0x000000ccae600000,0x000000ccae700000)]
  0x000001f889245490 JavaThread "WorkerExecutor Queue Thread 4" [_thread_blocked, id=13616, stack(0x000000ccae800000,0x000000ccae900000)]
  0x000001f888f9d020 JavaThread "pool-16-thread-2" [_thread_blocked, id=14592, stack(0x000000ccae900000,0x000000ccaea00000)]
  0x000001f88fa3f320 JavaThread "pool-16-thread-4" [_thread_blocked, id=2832, stack(0x000000ccaea00000,0x000000ccaeb00000)]
  0x000001f889244a70 JavaThread "pool-16-thread-3" [_thread_blocked, id=1800, stack(0x000000ccaeb00000,0x000000ccaec00000)]
  0x000001f882c6b9b0 JavaThread "pool-16-thread-1" [_thread_blocked, id=15252, stack(0x000000ccaec00000,0x000000ccaed00000)]
  0x000001f90a757fa0 JavaThread "pool-16-thread-5" [_thread_blocked, id=2744, stack(0x000000ccaed00000,0x000000ccaee00000)]
  0x000001f907b21a60 JavaThread "WorkerExecutor Queue Thread 5" [_thread_blocked, id=13028, stack(0x000000ccb0100000,0x000000ccb0200000)]
  0x000001f90b0fd9d0 JavaThread "RMI RenewClean-[127.0.0.1:17938,org.jetbrains.kotlin.daemon.common.LoopbackNetworkInterface$ClientLoopbackSocketFactory@3f9f6677]" daemon [_thread_blocked, id=13796, stack(0x000000ccb0200000,0x000000ccb0300000)]
  0x000001f908aebca0 JavaThread "C2 CompilerThread1" daemon [_thread_blocked, id=14412, stack(0x000000cca7e00000,0x000000cca7f00000)]
  0x000001f908aecc90 JavaThread "C2 CompilerThread2" daemon [_thread_blocked, id=10068, stack(0x000000cca9b00000,0x000000cca9c00000)]
  0x000001f908ae8230 JavaThread "C1 CompilerThread3" daemon [_thread_blocked, id=12132, stack(0x000000cca9c00000,0x000000cca9d00000)]
  0x000001f908ae9770 JavaThread "C2 CompilerThread3" daemon [_thread_blocked, id=6672, stack(0x000000ccac200000,0x000000ccac300000)]
  0x000001f88564f920 JavaThread "WorkerExecutor Queue Thread 6" [_thread_blocked, id=2240, stack(0x000000ccaef00000,0x000000ccaf000000)]
  0x000001f886e81340 JavaThread "WorkerExecutor Queue Thread 7" [_thread_blocked, id=6664, stack(0x000000ccaf000000,0x000000ccaf100000)]
  0x000001f88ef29020 JavaThread "WorkerExecutor Queue Thread 8" [_thread_blocked, id=14032, stack(0x000000ccaf200000,0x000000ccaf300000)]
  0x000001f88f266ae0 JavaThread "WorkerExecutor Queue Thread 9" [_thread_blocked, id=13372, stack(0x000000ccaf300000,0x000000ccaf400000)]
  0x000001f88f266ff0 JavaThread "WorkerExecutor Queue Thread 10" [_thread_blocked, id=4568, stack(0x000000ccaf400000,0x000000ccaf500000)]
  0x000001f90e3fca80 JavaThread "WorkerExecutor Queue Thread 11" [_thread_blocked, id=9492, stack(0x000000ccaf500000,0x000000ccaf600000)]
  0x000001f90e3fc060 JavaThread "WorkerExecutor Queue Thread 12" [_thread_blocked, id=7188, stack(0x000000ccaf600000,0x000000ccaf700000)]
  0x000001f90e3fbb50 JavaThread "WorkerExecutor Queue Thread 13" [_thread_blocked, id=14948, stack(0x000000ccaf700000,0x000000ccaf800000)]
  0x000001f886e7f9f0 JavaThread "WorkerExecutor Queue Thread 14" [_thread_blocked, id=14384, stack(0x000000ccaf800000,0x000000ccaf900000)]
  0x000001f886e80410 JavaThread "WorkerExecutor Queue Thread 15" [_thread_blocked, id=13132, stack(0x000000ccaf900000,0x000000ccafa00000)]
  0x000001f886e7db90 JavaThread "WorkerExecutor Queue Thread 16" [_thread_blocked, id=10204, stack(0x000000ccafa00000,0x000000ccafb00000)]
  0x000001f886e80e30 JavaThread "WorkerExecutor Queue Thread 17" [_thread_blocked, id=8188, stack(0x000000ccafb00000,0x000000ccafc00000)]
  0x000001f886e7eac0 JavaThread "WorkerExecutor Queue Thread 18" [_thread_blocked, id=1576, stack(0x000000ccafc00000,0x000000ccafd00000)]
  0x000001f884f984a0 JavaThread "WorkerExecutor Queue Thread 19" [_thread_in_native, id=15312, stack(0x000000ccafd00000,0x000000ccafe00000)]
  0x000001f88103cba0 JavaThread "WorkerExecutor Queue Thread 20" [_thread_blocked, id=14516, stack(0x000000ccafe00000,0x000000ccaff00000)]
  0x000001f90b0fc080 JavaThread "RMI RenewClean-[127.0.0.1:17938,org.jetbrains.kotlin.daemon.common.LoopbackNetworkInterface$ClientLoopbackSocketFactory@3e7a5605]" daemon [_thread_blocked, id=15044, stack(0x000000ccb0a00000,0x000000ccb0b00000)]
  0x000001f88913c090 JavaThread "RMI TCP Connection(32)-127.0.0.1" daemon [_thread_in_native, id=14848, stack(0x000000ccb0b00000,0x000000ccb0c00000)]
  0x000001f88564fe30 JavaThread "WorkerExecutor Queue Thread 21" [_thread_blocked, id=12532, stack(0x000000ccb0c00000,0x000000ccb0d00000)]

Other Threads:
=>0x000001f8ba340000 VMThread "VM Thread" [stack: 0x000000cca6b00000,0x000000cca6c00000] [id=14860]
  0x000001f89b18af70 WatcherThread [stack: 0x000000cca7b00000,0x000000cca7c00000] [id=13672]
  0x000001f89b136160 GCTaskThread "GC Thread#0" [stack: 0x000000cca6600000,0x000000cca6700000] [id=5324]
  0x000001f8806486d0 GCTaskThread "GC Thread#1" [stack: 0x000000cca7f00000,0x000000cca8000000] [id=7908]
  0x000001f880648990 GCTaskThread "GC Thread#2" [stack: 0x000000cca8000000,0x000000cca8100000] [id=8444]
  0x000001f88111b8d0 GCTaskThread "GC Thread#3" [stack: 0x000000cca8100000,0x000000cca8200000] [id=15184]
  0x000001f88111bb90 GCTaskThread "GC Thread#4" [stack: 0x000000cca8200000,0x000000cca8300000] [id=7992]
  0x000001f88111be50 GCTaskThread "GC Thread#5" [stack: 0x000000cca8300000,0x000000cca8400000] [id=5084]
  0x000001f88111c110 GCTaskThread "GC Thread#6" [stack: 0x000000cca8400000,0x000000cca8500000] [id=13296]
  0x000001f880869fc0 GCTaskThread "GC Thread#7" [stack: 0x000000cca8500000,0x000000cca8600000] [id=14780]
  0x000001f880c4ca70 GCTaskThread "GC Thread#8" [stack: 0x000000cca8600000,0x000000cca8700000] [id=15100]
  0x000001f880c4d140 GCTaskThread "GC Thread#9" [stack: 0x000000cca8700000,0x000000cca8800000] [id=8364]
  0x000001f880643350 GCTaskThread "GC Thread#10" [stack: 0x000000cca8800000,0x000000cca8900000] [id=14768]
  0x000001f8806439e0 GCTaskThread "GC Thread#11" [stack: 0x000000cca8900000,0x000000cca8a00000] [id=14980]
  0x000001f881520b80 GCTaskThread "GC Thread#12" [stack: 0x000000cca9400000,0x000000cca9500000] [id=2984]
  0x000001f881520e40 GCTaskThread "GC Thread#13" [stack: 0x000000cca9500000,0x000000cca9600000] [id=6540]
  0x000001f881521100 GCTaskThread "GC Thread#14" [stack: 0x000000cca9600000,0x000000cca9700000] [id=6780]
  0x000001f89b1470b0 ConcurrentGCThread "G1 Main Marker" [stack: 0x000000cca6700000,0x000000cca6800000] [id=9832]
  0x000001f89b147ac0 ConcurrentGCThread "G1 Conc#0" [stack: 0x000000cca6800000,0x000000cca6900000] [id=15012]
  0x000001f8815213c0 ConcurrentGCThread "G1 Conc#1" [stack: 0x000000cca9700000,0x000000cca9800000] [id=14192]
  0x000001f88151fb00 ConcurrentGCThread "G1 Conc#2" [stack: 0x000000cca9800000,0x000000cca9900000] [id=15052]
  0x000001f88151fdc0 ConcurrentGCThread "G1 Conc#3" [stack: 0x000000cca9900000,0x000000cca9a00000] [id=11832]
  0x000001f89b1ade50 ConcurrentGCThread "G1 Refine#0" [stack: 0x000000cca6900000,0x000000cca6a00000] [id=12060]
  0x000001f883a6f5e0 ConcurrentGCThread "G1 Refine#1" [stack: 0x000000ccac500000,0x000000ccac600000] [id=13016]
  0x000001f8842d8520 ConcurrentGCThread "G1 Refine#2" [stack: 0x000000ccac800000,0x000000ccac900000] [id=15048]
  0x000001f886f7d4f0 ConcurrentGCThread "G1 Refine#3" [stack: 0x000000ccac900000,0x000000ccaca00000] [id=3240]
  0x000001f8842d6c40 ConcurrentGCThread "G1 Refine#4" [stack: 0x000000ccb0800000,0x000000ccb0900000] [id=9688]
  0x000001f8888ac650 ConcurrentGCThread "G1 Refine#5" [stack: 0x000000ccb0900000,0x000000ccb0a00000] [id=13448]
  0x000001f887e21950 ConcurrentGCThread "G1 Refine#6" [stack: 0x000000ccab300000,0x000000ccab400000] [id=6116]
  0x000001f887e22220 ConcurrentGCThread "G1 Refine#7" [stack: 0x000000ccab500000,0x000000ccab600000] [id=5436]
  0x000001f8888ac940 ConcurrentGCThread "G1 Refine#8" [stack: 0x000000ccab600000,0x000000ccab700000] [id=6756]
  0x000001f883a6feb0 ConcurrentGCThread "G1 Refine#9" [stack: 0x000000ccab800000,0x000000ccab900000] [id=10332]
  0x000001f8888acc30 ConcurrentGCThread "G1 Refine#10" [stack: 0x000000ccb0300000,0x000000ccb0400000] [id=7468]
  0x000001f9082d8890 ConcurrentGCThread "G1 Refine#11" [stack: 0x000000ccb0400000,0x000000ccb0500000] [id=12648]
  0x000001f8842d6f30 ConcurrentGCThread "G1 Refine#12" [stack: 0x000000ccb0500000,0x000000ccb0600000] [id=14124]
  0x000001f884400220 ConcurrentGCThread "G1 Refine#13" [stack: 0x000000ccb0600000,0x000000ccb0700000] [id=3732]
  0x000001f90bfddb90 ConcurrentGCThread "G1 Refine#14" [stack: 0x000000ccb0700000,0x000000ccb0800000] [id=11392]
  0x000001f89b1ae880 ConcurrentGCThread "G1 Service" [stack: 0x000000cca6a00000,0x000000cca6b00000] [id=10416]

Threads with active compile tasks:

VM state: at safepoint (normal execution)

VM Mutex/Monitor currently owned by a thread:  ([mutex/lock_event])
[0x000001f89b0d4cf0] Threads_lock - owner thread: 0x000001f8ba340000
[0x000001f89b0d60a0] Heap_lock - owner thread: 0x000001f89b1470b0

Heap address: 0x0000000080000000, size: 2048 MB, Compressed Oops mode: 32-bit

CDS archive(s) mapped at: [0x000001f8bb000000-0x000001f8bbbd0000-0x000001f8bbbd0000), size 12386304, SharedBaseAddress: 0x000001f8bb000000, ArchiveRelocationMode: 1.
Compressed class space mapped at: 0x000001f8bc000000-0x000001f8fc000000, reserved size: 1073741824
Narrow klass base: 0x000001f8bb000000, Narrow klass shift: 0, Narrow klass range: 0x100000000

GC Precious Log:
 CPUs: 20 total, 20 available
 Memory: 32555M
 Large Page Support: Disabled
 NUMA Support: Disabled
 Compressed Oops: Enabled (32-bit)
 Heap Region Size: 1M
 Heap Min Capacity: 8M
 Heap Initial Capacity: 510M
 Heap Max Capacity: 2G
 Pre-touch: Disabled
 Parallel Workers: 15
 Concurrent Workers: 4
 Concurrent Refinement Workers: 15
 Periodic GC: Disabled

Heap:
 garbage-first heap   total 750592K, used 284274K [0x0000000080000000, 0x0000000100000000)
  region size 1024K, 9 young (9216K), 8 survivors (8192K)
 Metaspace       used 223103K, committed 225024K, reserved 1245184K
  class space    used 28717K, committed 29696K, reserved 1048576K

Heap Regions: E=young(eden), S=young(survivor), O=old, HS=humongous(starts), HC=humongous(continues), CS=collection set, F=free, OA=open archive, CA=closed archive, TAMS=top-at-mark-start (previous, next)
|   0|0x0000000080000000, 0x0000000080100000, 0x0000000080100000|100%|HS|  |TAMS 0x0000000080100000, 0x0000000080100000| Complete 
|   1|0x0000000080100000, 0x0000000080200000, 0x0000000080200000|100%|HC|  |TAMS 0x0000000080200000, 0x0000000080200000| Complete 
|   2|0x0000000080200000, 0x0000000080300000, 0x0000000080300000|100%|HC|  |TAMS 0x0000000080300000, 0x0000000080300000| Complete 
|   3|0x0000000080300000, 0x0000000080400000, 0x0000000080400000|100%|HC|  |TAMS 0x0000000080400000, 0x0000000080400000| Complete 
|   4|0x0000000080400000, 0x0000000080500000, 0x0000000080500000|100%| O|  |TAMS 0x0000000080500000, 0x0000000080500000| Untracked 
|   5|0x0000000080500000, 0x0000000080600000, 0x0000000080600000|100%| O|  |TAMS 0x0000000080600000, 0x0000000080600000| Untracked 
|   6|0x0000000080600000, 0x0000000080700000, 0x0000000080700000|100%| O|  |TAMS 0x0000000080700000, 0x0000000080700000| Untracked 
|   7|0x0000000080700000, 0x0000000080800000, 0x0000000080800000|100%| O|  |TAMS 0x0000000080800000, 0x0000000080800000| Untracked 
|   8|0x0000000080800000, 0x0000000080900000, 0x0000000080900000|100%| O|  |TAMS 0x0000000080900000, 0x0000000080900000| Untracked 
|   9|0x0000000080900000, 0x0000000080a00000, 0x0000000080a00000|100%| O|  |TAMS 0x0000000080a00000, 0x0000000080a00000| Untracked 
|  10|0x0000000080a00000, 0x0000000080b00000, 0x0000000080b00000|100%| O|  |TAMS 0x0000000080b00000, 0x0000000080b00000| Untracked 
|  11|0x0000000080b00000, 0x0000000080c00000, 0x0000000080c00000|100%|HS|  |TAMS 0x0000000080c00000, 0x0000000080c00000| Complete 
|  12|0x0000000080c00000, 0x0000000080d00000, 0x0000000080d00000|100%| O|  |TAMS 0x0000000080d00000, 0x0000000080d00000| Untracked 
|  13|0x0000000080d00000, 0x0000000080e00000, 0x0000000080e00000|100%| O|  |TAMS 0x0000000080e00000, 0x0000000080e00000| Untracked 
|  14|0x0000000080e00000, 0x0000000080f00000, 0x0000000080f00000|100%| O|  |TAMS 0x0000000080f00000, 0x0000000080f00000| Untracked 
|  15|0x0000000080f00000, 0x0000000081000000, 0x0000000081000000|100%| O|  |TAMS 0x0000000081000000, 0x0000000081000000| Untracked 
|  16|0x0000000081000000, 0x0000000081100000, 0x0000000081100000|100%| O|  |TAMS 0x0000000081100000, 0x0000000081100000| Untracked 
|  17|0x0000000081100000, 0x0000000081200000, 0x0000000081200000|100%| O|  |TAMS 0x0000000081200000, 0x0000000081200000| Untracked 
|  18|0x0000000081200000, 0x0000000081300000, 0x0000000081300000|100%| O|  |TAMS 0x0000000081300000, 0x0000000081300000| Untracked 
|  19|0x0000000081300000, 0x0000000081400000, 0x0000000081400000|100%| O|  |TAMS 0x0000000081400000, 0x0000000081400000| Untracked 
|  20|0x0000000081400000, 0x0000000081500000, 0x0000000081500000|100%| O|  |TAMS 0x0000000081500000, 0x0000000081500000| Untracked 
|  21|0x0000000081500000, 0x0000000081600000, 0x0000000081600000|100%| O|  |TAMS 0x0000000081600000, 0x0000000081600000| Untracked 
|  22|0x0000000081600000, 0x0000000081700000, 0x0000000081700000|100%| O|  |TAMS 0x0000000081700000, 0x0000000081700000| Untracked 
|  23|0x0000000081700000, 0x0000000081800000, 0x0000000081800000|100%| O|  |TAMS 0x0000000081800000, 0x0000000081800000| Untracked 
|  24|0x0000000081800000, 0x0000000081900000, 0x0000000081900000|100%| O|  |TAMS 0x0000000081900000, 0x0000000081900000| Untracked 
|  25|0x0000000081900000, 0x0000000081a00000, 0x0000000081a00000|100%| O|  |TAMS 0x0000000081a00000, 0x0000000081a00000| Untracked 
|  26|0x0000000081a00000, 0x0000000081b00000, 0x0000000081b00000|100%| O|  |TAMS 0x0000000081b00000, 0x0000000081b00000| Untracked 
|  27|0x0000000081b00000, 0x0000000081c00000, 0x0000000081c00000|100%| O|  |TAMS 0x0000000081c00000, 0x0000000081c00000| Untracked 
|  28|0x0000000081c00000, 0x0000000081d00000, 0x0000000081d00000|100%| O|  |TAMS 0x0000000081d00000, 0x0000000081d00000| Untracked 
|  29|0x0000000081d00000, 0x0000000081e00000, 0x0000000081e00000|100%| O|  |TAMS 0x0000000081e00000, 0x0000000081e00000| Untracked 
|  30|0x0000000081e00000, 0x0000000081f00000, 0x0000000081f00000|100%| O|  |TAMS 0x0000000081f00000, 0x0000000081f00000| Untracked 
|  31|0x0000000081f00000, 0x0000000082000000, 0x0000000082000000|100%| O|  |TAMS 0x0000000082000000, 0x0000000082000000| Untracked 
|  32|0x0000000082000000, 0x0000000082100000, 0x0000000082100000|100%| O|  |TAMS 0x0000000082100000, 0x0000000082100000| Untracked 
|  33|0x0000000082100000, 0x0000000082200000, 0x0000000082200000|100%| O|  |TAMS 0x0000000082200000, 0x0000000082200000| Untracked 
|  34|0x0000000082200000, 0x0000000082300000, 0x0000000082300000|100%| O|  |TAMS 0x0000000082300000, 0x0000000082300000| Untracked 
|  35|0x0000000082300000, 0x0000000082300000, 0x0000000082400000|  0%| F|  |TAMS 0x0000000082300000, 0x0000000082300000| Untracked 
|  36|0x0000000082400000, 0x0000000082500000, 0x0000000082500000|100%| O|  |TAMS 0x0000000082500000, 0x0000000082500000| Untracked 
|  37|0x0000000082500000, 0x0000000082600000, 0x0000000082600000|100%| O|  |TAMS 0x0000000082600000, 0x0000000082600000| Untracked 
|  38|0x0000000082600000, 0x0000000082700000, 0x0000000082700000|100%| O|  |TAMS 0x0000000082700000, 0x0000000082700000| Untracked 
|  39|0x0000000082700000, 0x0000000082800000, 0x0000000082800000|100%|HS|  |TAMS 0x0000000082800000, 0x0000000082800000| Complete 
|  40|0x0000000082800000, 0x0000000082900000, 0x0000000082900000|100%|HS|  |TAMS 0x0000000082900000, 0x0000000082900000| Complete 
|  41|0x0000000082900000, 0x0000000082a00000, 0x0000000082a00000|100%|HS|  |TAMS 0x0000000082a00000, 0x0000000082a00000| Complete 
|  42|0x0000000082a00000, 0x0000000082b00000, 0x0000000082b00000|100%|HC|  |TAMS 0x0000000082b00000, 0x0000000082b00000| Complete 
|  43|0x0000000082b00000, 0x0000000082c00000, 0x0000000082c00000|100%|HS|  |TAMS 0x0000000082c00000, 0x0000000082c00000| Complete 
|  44|0x0000000082c00000, 0x0000000082d00000, 0x0000000082d00000|100%|HC|  |TAMS 0x0000000082d00000, 0x0000000082d00000| Complete 
|  45|0x0000000082d00000, 0x0000000082e00000, 0x0000000082e00000|100%|HS|  |TAMS 0x0000000082e00000, 0x0000000082e00000| Complete 
|  46|0x0000000082e00000, 0x0000000082f00000, 0x0000000082f00000|100%|HS|  |TAMS 0x0000000082f00000, 0x0000000082f00000| Complete 
|  47|0x0000000082f00000, 0x0000000083000000, 0x0000000083000000|100%|HS|  |TAMS 0x0000000083000000, 0x0000000083000000| Complete 
|  48|0x0000000083000000, 0x0000000083100000, 0x0000000083100000|100%|HS|  |TAMS 0x0000000083100000, 0x0000000083100000| Complete 
|  49|0x0000000083100000, 0x0000000083200000, 0x0000000083200000|100%| O|  |TAMS 0x0000000083200000, 0x0000000083200000| Untracked 
|  50|0x0000000083200000, 0x0000000083300000, 0x0000000083300000|100%| O|  |TAMS 0x0000000083300000, 0x0000000083300000| Untracked 
|  51|0x0000000083300000, 0x0000000083400000, 0x0000000083400000|100%| O|  |TAMS 0x0000000083400000, 0x0000000083400000| Untracked 
|  52|0x0000000083400000, 0x0000000083500000, 0x0000000083500000|100%| O|  |TAMS 0x0000000083500000, 0x0000000083500000| Untracked 
|  53|0x0000000083500000, 0x0000000083600000, 0x0000000083600000|100%| O|  |TAMS 0x0000000083600000, 0x0000000083600000| Untracked 
|  54|0x0000000083600000, 0x0000000083700000, 0x0000000083700000|100%| O|  |TAMS 0x0000000083700000, 0x0000000083700000| Untracked 
|  55|0x0000000083700000, 0x0000000083800000, 0x0000000083800000|100%| O|  |TAMS 0x0000000083800000, 0x0000000083800000| Untracked 
|  56|0x0000000083800000, 0x0000000083900000, 0x0000000083900000|100%| O|  |TAMS 0x0000000083900000, 0x0000000083900000| Untracked 
|  57|0x0000000083900000, 0x0000000083a00000, 0x0000000083a00000|100%| O|  |TAMS 0x0000000083a00000, 0x0000000083a00000| Untracked 
|  58|0x0000000083a00000, 0x0000000083b00000, 0x0000000083b00000|100%|HS|  |TAMS 0x0000000083b00000, 0x0000000083b00000| Complete 
|  59|0x0000000083b00000, 0x0000000083c00000, 0x0000000083c00000|100%| O|  |TAMS 0x0000000083c00000, 0x0000000083c00000| Untracked 
|  60|0x0000000083c00000, 0x0000000083d00000, 0x0000000083d00000|100%| O|  |TAMS 0x0000000083d00000, 0x0000000083d00000| Untracked 
|  61|0x0000000083d00000, 0x0000000083e00000, 0x0000000083e00000|100%| O|  |TAMS 0x0000000083e00000, 0x0000000083e00000| Untracked 
|  62|0x0000000083e00000, 0x0000000083f00000, 0x0000000083f00000|100%| O|  |TAMS 0x0000000083f00000, 0x0000000083f00000| Untracked 
|  63|0x0000000083f00000, 0x0000000084000000, 0x0000000084000000|100%| O|  |TAMS 0x0000000084000000, 0x0000000084000000| Untracked 
|  64|0x0000000084000000, 0x0000000084100000, 0x0000000084100000|100%| O|  |TAMS 0x0000000084100000, 0x0000000084100000| Untracked 
|  65|0x0000000084100000, 0x0000000084200000, 0x0000000084200000|100%| O|  |TAMS 0x0000000084100000, 0x0000000084200000| Untracked 
|  66|0x0000000084200000, 0x0000000084300000, 0x0000000084300000|100%| O|  |TAMS 0x0000000084300000, 0x0000000084300000| Untracked 
|  67|0x0000000084300000, 0x0000000084400000, 0x0000000084400000|100%| O|  |TAMS 0x0000000084400000, 0x0000000084400000| Untracked 
|  68|0x0000000084400000, 0x0000000084500000, 0x0000000084500000|100%| O|  |TAMS 0x0000000084500000, 0x0000000084500000| Untracked 
|  69|0x0000000084500000, 0x0000000084600000, 0x0000000084600000|100%| O|  |TAMS 0x0000000084600000, 0x0000000084600000| Untracked 
|  70|0x0000000084600000, 0x0000000084700000, 0x0000000084700000|100%| O|  |TAMS 0x0000000084700000, 0x0000000084700000| Untracked 
|  71|0x0000000084700000, 0x0000000084800000, 0x0000000084800000|100%| O|  |TAMS 0x0000000084800000, 0x0000000084800000| Untracked 
|  72|0x0000000084800000, 0x0000000084900000, 0x0000000084900000|100%| O|  |TAMS 0x0000000084900000, 0x0000000084900000| Untracked 
|  73|0x0000000084900000, 0x0000000084a00000, 0x0000000084a00000|100%| O|  |TAMS 0x0000000084a00000, 0x0000000084a00000| Untracked 
|  74|0x0000000084a00000, 0x0000000084b00000, 0x0000000084b00000|100%| O|  |TAMS 0x0000000084b00000, 0x0000000084b00000| Untracked 
|  75|0x0000000084b00000, 0x0000000084c00000, 0x0000000084c00000|100%| O|  |TAMS 0x0000000084c00000, 0x0000000084c00000| Untracked 
|  76|0x0000000084c00000, 0x0000000084d00000, 0x0000000084d00000|100%| O|  |TAMS 0x0000000084d00000, 0x0000000084d00000| Untracked 
|  77|0x0000000084d00000, 0x0000000084e00000, 0x0000000084e00000|100%| O|  |TAMS 0x0000000084e00000, 0x0000000084e00000| Untracked 
|  78|0x0000000084e00000, 0x0000000084f00000, 0x0000000084f00000|100%| O|  |TAMS 0x0000000084f00000, 0x0000000084f00000| Untracked 
|  79|0x0000000084f00000, 0x0000000085000000, 0x0000000085000000|100%| O|  |TAMS 0x0000000085000000, 0x0000000085000000| Untracked 
|  80|0x0000000085000000, 0x0000000085100000, 0x0000000085100000|100%|HS|  |TAMS 0x0000000085100000, 0x0000000085100000| Complete 
|  81|0x0000000085100000, 0x0000000085200000, 0x0000000085200000|100%| O|  |TAMS 0x0000000085200000, 0x0000000085200000| Untracked 
|  82|0x0000000085200000, 0x0000000085300000, 0x0000000085300000|100%| O|  |TAMS 0x0000000085200000, 0x0000000085300000| Untracked 
|  83|0x0000000085300000, 0x0000000085300000, 0x0000000085400000|  0%| F|  |TAMS 0x0000000085300000, 0x0000000085300000| Untracked 
|  84|0x0000000085400000, 0x0000000085500000, 0x0000000085500000|100%| O|  |TAMS 0x0000000085500000, 0x0000000085500000| Untracked 
|  85|0x0000000085500000, 0x0000000085600000, 0x0000000085600000|100%| O|  |TAMS 0x0000000085600000, 0x0000000085600000| Untracked 
|  86|0x0000000085600000, 0x0000000085700000, 0x0000000085700000|100%| O|  |TAMS 0x0000000085700000, 0x0000000085700000| Untracked 
|  87|0x0000000085700000, 0x0000000085800000, 0x0000000085800000|100%| O|  |TAMS 0x0000000085800000, 0x0000000085800000| Untracked 
|  88|0x0000000085800000, 0x0000000085900000, 0x0000000085900000|100%| O|  |TAMS 0x0000000085900000, 0x0000000085900000| Untracked 
|  89|0x0000000085900000, 0x0000000085a00000, 0x0000000085a00000|100%| O|  |TAMS 0x0000000085a00000, 0x0000000085a00000| Untracked 
|  90|0x0000000085a00000, 0x0000000085b00000, 0x0000000085b00000|100%| O|  |TAMS 0x0000000085b00000, 0x0000000085b00000| Untracked 
|  91|0x0000000085b00000, 0x0000000085c00000, 0x0000000085c00000|100%| O|  |TAMS 0x0000000085c00000, 0x0000000085c00000| Untracked 
|  92|0x0000000085c00000, 0x0000000085d00000, 0x0000000085d00000|100%| O|  |TAMS 0x0000000085d00000, 0x0000000085d00000| Untracked 
|  93|0x0000000085d00000, 0x0000000085e00000, 0x0000000085e00000|100%| O|  |TAMS 0x0000000085e00000, 0x0000000085e00000| Untracked 
|  94|0x0000000085e00000, 0x0000000085f00000, 0x0000000085f00000|100%| O|  |TAMS 0x0000000085f00000, 0x0000000085f00000| Untracked 
|  95|0x0000000085f00000, 0x0000000086000000, 0x0000000086000000|100%|HS|  |TAMS 0x0000000086000000, 0x0000000086000000| Complete 
|  96|0x0000000086000000, 0x0000000086100000, 0x0000000086100000|100%|HC|  |TAMS 0x0000000086100000, 0x0000000086100000| Complete 
|  97|0x0000000086100000, 0x0000000086200000, 0x0000000086200000|100%|HC|  |TAMS 0x0000000086200000, 0x0000000086200000| Complete 
|  98|0x0000000086200000, 0x0000000086300000, 0x0000000086300000|100%|HC|  |TAMS 0x0000000086300000, 0x0000000086300000| Complete 
|  99|0x0000000086300000, 0x0000000086400000, 0x0000000086400000|100%| O|  |TAMS 0x0000000086400000, 0x0000000086400000| Untracked 
| 100|0x0000000086400000, 0x0000000086500000, 0x0000000086500000|100%| O|  |TAMS 0x0000000086500000, 0x0000000086500000| Untracked 
| 101|0x0000000086500000, 0x0000000086600000, 0x0000000086600000|100%| O|  |TAMS 0x0000000086600000, 0x0000000086600000| Untracked 
| 102|0x0000000086600000, 0x0000000086700000, 0x0000000086700000|100%| O|  |TAMS 0x0000000086700000, 0x0000000086700000| Untracked 
| 103|0x0000000086700000, 0x0000000086800000, 0x0000000086800000|100%| O|  |TAMS 0x0000000086800000, 0x0000000086800000| Untracked 
| 104|0x0000000086800000, 0x0000000086900000, 0x0000000086900000|100%| O|  |TAMS 0x0000000086900000, 0x0000000086900000| Untracked 
| 105|0x0000000086900000, 0x0000000086a00000, 0x0000000086a00000|100%| O|  |TAMS 0x0000000086a00000, 0x0000000086a00000| Untracked 
| 106|0x0000000086a00000, 0x0000000086b00000, 0x0000000086b00000|100%| O|  |TAMS 0x0000000086b00000, 0x0000000086b00000| Untracked 
| 107|0x0000000086b00000, 0x0000000086c00000, 0x0000000086c00000|100%| O|  |TAMS 0x0000000086c00000, 0x0000000086c00000| Untracked 
| 108|0x0000000086c00000, 0x0000000086d00000, 0x0000000086d00000|100%| O|  |TAMS 0x0000000086d00000, 0x0000000086d00000| Untracked 
| 109|0x0000000086d00000, 0x0000000086e00000, 0x0000000086e00000|100%| O|  |TAMS 0x0000000086e00000, 0x0000000086e00000| Untracked 
| 110|0x0000000086e00000, 0x0000000086f00000, 0x0000000086f00000|100%| O|  |TAMS 0x0000000086f00000, 0x0000000086f00000| Untracked 
| 111|0x0000000086f00000, 0x0000000087000000, 0x0000000087000000|100%| O|  |TAMS 0x0000000087000000, 0x0000000087000000| Untracked 
| 112|0x0000000087000000, 0x0000000087100000, 0x0000000087100000|100%|HS|  |TAMS 0x0000000087000000, 0x0000000087000000| Complete 
| 113|0x0000000087100000, 0x0000000087200000, 0x0000000087200000|100%|HC|  |TAMS 0x0000000087100000, 0x0000000087100000| Complete 
| 114|0x0000000087200000, 0x0000000087300000, 0x0000000087300000|100%| O|  |TAMS 0x0000000087300000, 0x0000000087300000| Untracked 
| 115|0x0000000087300000, 0x0000000087400000, 0x0000000087400000|100%| O|  |TAMS 0x0000000087400000, 0x0000000087400000| Untracked 
| 116|0x0000000087400000, 0x0000000087500000, 0x0000000087500000|100%| O|  |TAMS 0x0000000087500000, 0x0000000087500000| Untracked 
| 117|0x0000000087500000, 0x0000000087600000, 0x0000000087600000|100%| O|  |TAMS 0x0000000087600000, 0x0000000087600000| Untracked 
| 118|0x0000000087600000, 0x0000000087700000, 0x0000000087700000|100%| O|  |TAMS 0x0000000087700000, 0x0000000087700000| Untracked 
| 119|0x0000000087700000, 0x0000000087800000, 0x0000000087800000|100%| O|  |TAMS 0x0000000087800000, 0x0000000087800000| Untracked 
| 120|0x0000000087800000, 0x0000000087900000, 0x0000000087900000|100%| O|  |TAMS 0x0000000087900000, 0x0000000087900000| Untracked 
| 121|0x0000000087900000, 0x0000000087a00000, 0x0000000087a00000|100%| O|  |TAMS 0x0000000087a00000, 0x0000000087a00000| Untracked 
| 122|0x0000000087a00000, 0x0000000087b00000, 0x0000000087b00000|100%| O|  |TAMS 0x0000000087b00000, 0x0000000087b00000| Untracked 
| 123|0x0000000087b00000, 0x0000000087c00000, 0x0000000087c00000|100%| O|  |TAMS 0x0000000087c00000, 0x0000000087c00000| Untracked 
| 124|0x0000000087c00000, 0x0000000087d00000, 0x0000000087d00000|100%| O|  |TAMS 0x0000000087d00000, 0x0000000087d00000| Untracked 
| 125|0x0000000087d00000, 0x0000000087e00000, 0x0000000087e00000|100%| O|  |TAMS 0x0000000087e00000, 0x0000000087e00000| Untracked 
| 126|0x0000000087e00000, 0x0000000087f00000, 0x0000000087f00000|100%| O|  |TAMS 0x0000000087f00000, 0x0000000087f00000| Untracked 
| 127|0x0000000087f00000, 0x0000000088000000, 0x0000000088000000|100%| O|  |TAMS 0x0000000088000000, 0x0000000088000000| Untracked 
| 128|0x0000000088000000, 0x0000000088100000, 0x0000000088100000|100%| O|  |TAMS 0x0000000088100000, 0x0000000088100000| Untracked 
| 129|0x0000000088100000, 0x0000000088200000, 0x0000000088200000|100%| O|  |TAMS 0x0000000088100000, 0x0000000088200000| Untracked 
| 130|0x0000000088200000, 0x0000000088300000, 0x0000000088300000|100%| O|  |TAMS 0x0000000088300000, 0x0000000088300000| Untracked 
| 131|0x0000000088300000, 0x0000000088300000, 0x0000000088400000|  0%| F|  |TAMS 0x0000000088300000, 0x0000000088300000| Untracked 
| 132|0x0000000088400000, 0x0000000088500000, 0x0000000088500000|100%| O|  |TAMS 0x0000000088500000, 0x0000000088500000| Untracked 
| 133|0x0000000088500000, 0x0000000088600000, 0x0000000088600000|100%| O|  |TAMS 0x0000000088600000, 0x0000000088600000| Untracked 
| 134|0x0000000088600000, 0x0000000088700000, 0x0000000088700000|100%| O|  |TAMS 0x0000000088700000, 0x0000000088700000| Untracked 
| 135|0x0000000088700000, 0x0000000088800000, 0x0000000088800000|100%| O|  |TAMS 0x0000000088800000, 0x0000000088800000| Untracked 
| 136|0x0000000088800000, 0x0000000088900000, 0x0000000088900000|100%| O|  |TAMS 0x0000000088800000, 0x0000000088900000| Untracked 
| 137|0x0000000088900000, 0x0000000088a00000, 0x0000000088a00000|100%| O|  |TAMS 0x0000000088900000, 0x0000000088a00000| Untracked 
| 138|0x0000000088a00000, 0x0000000088b00000, 0x0000000088b00000|100%| O|  |TAMS 0x0000000088a00000, 0x0000000088b00000| Untracked 
| 139|0x0000000088b00000, 0x0000000088c00000, 0x0000000088c00000|100%| O|  |TAMS 0x0000000088b00000, 0x0000000088c00000| Untracked 
| 140|0x0000000088c00000, 0x0000000088d00000, 0x0000000088d00000|100%| O|  |TAMS 0x0000000088c00000, 0x0000000088d00000| Untracked 
| 141|0x0000000088d00000, 0x0000000088d00000, 0x0000000088e00000|  0%| F|  |TAMS 0x0000000088d00000, 0x0000000088d00000| Untracked 
| 142|0x0000000088e00000, 0x0000000088e00000, 0x0000000088f00000|  0%| F|  |TAMS 0x0000000088e00000, 0x0000000088e00000| Untracked 
| 143|0x0000000088f00000, 0x0000000088f00000, 0x0000000089000000|  0%| F|  |TAMS 0x0000000088f00000, 0x0000000088f00000| Untracked 
| 144|0x0000000089000000, 0x0000000089100000, 0x0000000089100000|100%| O|  |TAMS 0x0000000089100000, 0x0000000089100000| Untracked 
| 145|0x0000000089100000, 0x0000000089200000, 0x0000000089200000|100%| O|  |TAMS 0x0000000089200000, 0x0000000089200000| Untracked 
| 146|0x0000000089200000, 0x0000000089262000, 0x0000000089300000| 38%| O|  |TAMS 0x0000000089200000, 0x0000000089262000| Untracked 
| 147|0x0000000089300000, 0x0000000089300000, 0x0000000089400000|  0%| F|  |TAMS 0x0000000089300000, 0x0000000089300000| Untracked 
| 148|0x0000000089400000, 0x0000000089400000, 0x0000000089500000|  0%| F|  |TAMS 0x0000000089400000, 0x0000000089400000| Untracked 
| 149|0x0000000089500000, 0x0000000089600000, 0x0000000089600000|100%| O|  |TAMS 0x0000000089600000, 0x0000000089600000| Untracked 
| 150|0x0000000089600000, 0x0000000089700000, 0x0000000089700000|100%| O|  |TAMS 0x0000000089700000, 0x0000000089700000| Untracked 
| 151|0x0000000089700000, 0x0000000089800000, 0x0000000089800000|100%| O|  |TAMS 0x0000000089800000, 0x0000000089800000| Untracked 
| 152|0x0000000089800000, 0x0000000089900000, 0x0000000089900000|100%| O|  |TAMS 0x0000000089900000, 0x0000000089900000| Untracked 
| 153|0x0000000089900000, 0x0000000089a00000, 0x0000000089a00000|100%| O|  |TAMS 0x0000000089a00000, 0x0000000089a00000| Untracked 
| 154|0x0000000089a00000, 0x0000000089a00000, 0x0000000089b00000|  0%| F|  |TAMS 0x0000000089a00000, 0x0000000089a00000| Untracked 
| 155|0x0000000089b00000, 0x0000000089b00000, 0x0000000089c00000|  0%| F|  |TAMS 0x0000000089b00000, 0x0000000089b00000| Untracked 
| 156|0x0000000089c00000, 0x0000000089c00000, 0x0000000089d00000|  0%| F|  |TAMS 0x0000000089c00000, 0x0000000089c00000| Untracked 
| 157|0x0000000089d00000, 0x0000000089d00000, 0x0000000089e00000|  0%| F|  |TAMS 0x0000000089d00000, 0x0000000089d00000| Untracked 
| 158|0x0000000089e00000, 0x0000000089e00000, 0x0000000089f00000|  0%| F|  |TAMS 0x0000000089e00000, 0x0000000089e00000| Untracked 
| 159|0x0000000089f00000, 0x000000008a000000, 0x000000008a000000|100%| O|  |TAMS 0x000000008a000000, 0x000000008a000000| Untracked 
| 160|0x000000008a000000, 0x000000008a000000, 0x000000008a100000|  0%| F|  |TAMS 0x000000008a000000, 0x000000008a000000| Untracked 
| 161|0x000000008a100000, 0x000000008a100000, 0x000000008a200000|  0%| F|  |TAMS 0x000000008a100000, 0x000000008a100000| Untracked 
| 162|0x000000008a200000, 0x000000008a300000, 0x000000008a300000|100%|HS|  |TAMS 0x000000008a300000, 0x000000008a300000| Complete 
| 163|0x000000008a300000, 0x000000008a400000, 0x000000008a400000|100%|HC|  |TAMS 0x000000008a400000, 0x000000008a400000| Complete 
| 164|0x000000008a400000, 0x000000008a400000, 0x000000008a500000|  0%| F|  |TAMS 0x000000008a400000, 0x000000008a400000| Untracked 
| 165|0x000000008a500000, 0x000000008a500000, 0x000000008a600000|  0%| F|  |TAMS 0x000000008a500000, 0x000000008a500000| Untracked 
| 166|0x000000008a600000, 0x000000008a700000, 0x000000008a700000|100%| O|  |TAMS 0x000000008a700000, 0x000000008a700000| Untracked 
| 167|0x000000008a700000, 0x000000008a800000, 0x000000008a800000|100%| O|  |TAMS 0x000000008a800000, 0x000000008a800000| Untracked 
| 168|0x000000008a800000, 0x000000008a900000, 0x000000008a900000|100%| O|  |TAMS 0x000000008a900000, 0x000000008a900000| Untracked 
| 169|0x000000008a900000, 0x000000008aa00000, 0x000000008aa00000|100%| O|  |TAMS 0x000000008aa00000, 0x000000008aa00000| Untracked 
| 170|0x000000008aa00000, 0x000000008aa00000, 0x000000008ab00000|  0%| F|  |TAMS 0x000000008aa00000, 0x000000008aa00000| Untracked 
| 171|0x000000008ab00000, 0x000000008ab00000, 0x000000008ac00000|  0%| F|  |TAMS 0x000000008ab00000, 0x000000008ab00000| Untracked 
| 172|0x000000008ac00000, 0x000000008ad00000, 0x000000008ad00000|100%| O|  |TAMS 0x000000008ad00000, 0x000000008ad00000| Untracked 
| 173|0x000000008ad00000, 0x000000008ad00000, 0x000000008ae00000|  0%| F|  |TAMS 0x000000008ad00000, 0x000000008ad00000| Untracked 
| 174|0x000000008ae00000, 0x000000008ae00000, 0x000000008af00000|  0%| F|  |TAMS 0x000000008ae00000, 0x000000008ae00000| Untracked 
| 175|0x000000008af00000, 0x000000008b000000, 0x000000008b000000|100%| O|  |TAMS 0x000000008b000000, 0x000000008b000000| Untracked 
| 176|0x000000008b000000, 0x000000008b000000, 0x000000008b100000|  0%| F|  |TAMS 0x000000008b000000, 0x000000008b000000| Untracked 
| 177|0x000000008b100000, 0x000000008b200000, 0x000000008b200000|100%|HS|  |TAMS 0x000000008b200000, 0x000000008b200000| Complete 
| 178|0x000000008b200000, 0x000000008b300000, 0x000000008b300000|100%|HC|  |TAMS 0x000000008b300000, 0x000000008b300000| Complete 
| 179|0x000000008b300000, 0x000000008b300000, 0x000000008b400000|  0%| F|  |TAMS 0x000000008b300000, 0x000000008b300000| Untracked 
| 180|0x000000008b400000, 0x000000008b500000, 0x000000008b500000|100%| O|  |TAMS 0x000000008b500000, 0x000000008b500000| Untracked 
| 181|0x000000008b500000, 0x000000008b500000, 0x000000008b600000|  0%| F|  |TAMS 0x000000008b500000, 0x000000008b500000| Untracked 
| 182|0x000000008b600000, 0x000000008b700000, 0x000000008b700000|100%| O|  |TAMS 0x000000008b700000, 0x000000008b700000| Untracked 
| 183|0x000000008b700000, 0x000000008b700000, 0x000000008b800000|  0%| F|  |TAMS 0x000000008b700000, 0x000000008b700000| Untracked 
| 184|0x000000008b800000, 0x000000008b900000, 0x000000008b900000|100%|HS|  |TAMS 0x000000008b900000, 0x000000008b900000| Complete 
| 185|0x000000008b900000, 0x000000008ba00000, 0x000000008ba00000|100%|HC|  |TAMS 0x000000008ba00000, 0x000000008ba00000| Complete 
| 186|0x000000008ba00000, 0x000000008bb00000, 0x000000008bb00000|100%|HS|  |TAMS 0x000000008bb00000, 0x000000008bb00000| Complete 
| 187|0x000000008bb00000, 0x000000008bc00000, 0x000000008bc00000|100%|HC|  |TAMS 0x000000008bc00000, 0x000000008bc00000| Complete 
| 188|0x000000008bc00000, 0x000000008bd00000, 0x000000008bd00000|100%|HC|  |TAMS 0x000000008bd00000, 0x000000008bd00000| Complete 
| 189|0x000000008bd00000, 0x000000008be00000, 0x000000008be00000|100%| O|  |TAMS 0x000000008be00000, 0x000000008be00000| Untracked 
| 190|0x000000008be00000, 0x000000008be00000, 0x000000008bf00000|  0%| F|  |TAMS 0x000000008be00000, 0x000000008be00000| Untracked 
| 191|0x000000008bf00000, 0x000000008c000000, 0x000000008c000000|100%| O|  |TAMS 0x000000008c000000, 0x000000008c000000| Untracked 
| 192|0x000000008c000000, 0x000000008c100000, 0x000000008c100000|100%|HS|  |TAMS 0x000000008c100000, 0x000000008c100000| Complete 
| 193|0x000000008c100000, 0x000000008c200000, 0x000000008c200000|100%|HC|  |TAMS 0x000000008c200000, 0x000000008c200000| Complete 
| 194|0x000000008c200000, 0x000000008c300000, 0x000000008c300000|100%| O|  |TAMS 0x000000008c300000, 0x000000008c300000| Untracked 
| 195|0x000000008c300000, 0x000000008c400000, 0x000000008c400000|100%| O|  |TAMS 0x000000008c400000, 0x000000008c400000| Untracked 
| 196|0x000000008c400000, 0x000000008c500000, 0x000000008c500000|100%| O|  |TAMS 0x000000008c500000, 0x000000008c500000| Untracked 
| 197|0x000000008c500000, 0x000000008c600000, 0x000000008c600000|100%| O|  |TAMS 0x000000008c600000, 0x000000008c600000| Untracked 
| 198|0x000000008c600000, 0x000000008c700000, 0x000000008c700000|100%| O|  |TAMS 0x000000008c700000, 0x000000008c700000| Untracked 
| 199|0x000000008c700000, 0x000000008c800000, 0x000000008c800000|100%| O|  |TAMS 0x000000008c800000, 0x000000008c800000| Untracked 
| 200|0x000000008c800000, 0x000000008c900000, 0x000000008c900000|100%| O|  |TAMS 0x000000008c900000, 0x000000008c900000| Untracked 
| 201|0x000000008c900000, 0x000000008ca00000, 0x000000008ca00000|100%| O|  |TAMS 0x000000008ca00000, 0x000000008ca00000| Untracked 
| 202|0x000000008ca00000, 0x000000008cb00000, 0x000000008cb00000|100%| O|  |TAMS 0x000000008cb00000, 0x000000008cb00000| Untracked 
| 203|0x000000008cb00000, 0x000000008cc00000, 0x000000008cc00000|100%| O|  |TAMS 0x000000008cc00000, 0x000000008cc00000| Untracked 
| 204|0x000000008cc00000, 0x000000008cd00000, 0x000000008cd00000|100%| O|  |TAMS 0x000000008cd00000, 0x000000008cd00000| Untracked 
| 205|0x000000008cd00000, 0x000000008ce00000, 0x000000008ce00000|100%| O|  |TAMS 0x000000008ce00000, 0x000000008ce00000| Untracked 
| 206|0x000000008ce00000, 0x000000008cf00000, 0x000000008cf00000|100%| O|  |TAMS 0x000000008cf00000, 0x000000008cf00000| Untracked 
| 207|0x000000008cf00000, 0x000000008d000000, 0x000000008d000000|100%| O|  |TAMS 0x000000008d000000, 0x000000008d000000| Untracked 
| 208|0x000000008d000000, 0x000000008d100000, 0x000000008d100000|100%| O|  |TAMS 0x000000008d100000, 0x000000008d100000| Untracked 
| 209|0x000000008d100000, 0x000000008d200000, 0x000000008d200000|100%| O|  |TAMS 0x000000008d200000, 0x000000008d200000| Untracked 
| 210|0x000000008d200000, 0x000000008d300000, 0x000000008d300000|100%| O|  |TAMS 0x000000008d300000, 0x000000008d300000| Untracked 
| 211|0x000000008d300000, 0x000000008d400000, 0x000000008d400000|100%| O|  |TAMS 0x000000008d400000, 0x000000008d400000| Untracked 
| 212|0x000000008d400000, 0x000000008d500000, 0x000000008d500000|100%| O|  |TAMS 0x000000008d500000, 0x000000008d500000| Untracked 
| 213|0x000000008d500000, 0x000000008d600000, 0x000000008d600000|100%| O|  |TAMS 0x000000008d600000, 0x000000008d600000| Untracked 
| 214|0x000000008d600000, 0x000000008d700000, 0x000000008d700000|100%| O|  |TAMS 0x000000008d700000, 0x000000008d700000| Untracked 
| 215|0x000000008d700000, 0x000000008d800000, 0x000000008d800000|100%| O|  |TAMS 0x000000008d800000, 0x000000008d800000| Untracked 
| 216|0x000000008d800000, 0x000000008d900000, 0x000000008d900000|100%| O|  |TAMS 0x000000008d900000, 0x000000008d900000| Untracked 
| 217|0x000000008d900000, 0x000000008da00000, 0x000000008da00000|100%| O|  |TAMS 0x000000008da00000, 0x000000008da00000| Untracked 
| 218|0x000000008da00000, 0x000000008db00000, 0x000000008db00000|100%|HS|  |TAMS 0x000000008db00000, 0x000000008db00000| Complete 
| 219|0x000000008db00000, 0x000000008dc00000, 0x000000008dc00000|100%| O|  |TAMS 0x000000008dc00000, 0x000000008dc00000| Untracked 
| 220|0x000000008dc00000, 0x000000008dd00000, 0x000000008dd00000|100%| O|  |TAMS 0x000000008dd00000, 0x000000008dd00000| Untracked 
| 221|0x000000008dd00000, 0x000000008de00000, 0x000000008de00000|100%| O|  |TAMS 0x000000008de00000, 0x000000008de00000| Untracked 
| 222|0x000000008de00000, 0x000000008df00000, 0x000000008df00000|100%| O|  |TAMS 0x000000008df00000, 0x000000008df00000| Untracked 
| 223|0x000000008df00000, 0x000000008e000000, 0x000000008e000000|100%| O|  |TAMS 0x000000008e000000, 0x000000008e000000| Untracked 
| 224|0x000000008e000000, 0x000000008e100000, 0x000000008e100000|100%| O|  |TAMS 0x000000008e100000, 0x000000008e100000| Untracked 
| 225|0x000000008e100000, 0x000000008e200000, 0x000000008e200000|100%|HS|  |TAMS 0x000000008e200000, 0x000000008e200000| Complete 
| 226|0x000000008e200000, 0x000000008e300000, 0x000000008e300000|100%| O|  |TAMS 0x000000008e300000, 0x000000008e300000| Untracked 
| 227|0x000000008e300000, 0x000000008e300000, 0x000000008e400000|  0%| F|  |TAMS 0x000000008e300000, 0x000000008e300000| Untracked 
| 228|0x000000008e400000, 0x000000008e500000, 0x000000008e500000|100%| O|  |TAMS 0x000000008e500000, 0x000000008e500000| Untracked 
| 229|0x000000008e500000, 0x000000008e600000, 0x000000008e600000|100%| O|  |TAMS 0x000000008e600000, 0x000000008e600000| Untracked 
| 230|0x000000008e600000, 0x000000008e700000, 0x000000008e700000|100%| O|  |TAMS 0x000000008e700000, 0x000000008e700000| Untracked 
| 231|0x000000008e700000, 0x000000008e800000, 0x000000008e800000|100%| O|  |TAMS 0x000000008e800000, 0x000000008e800000| Untracked 
| 232|0x000000008e800000, 0x000000008e800000, 0x000000008e900000|  0%| F|  |TAMS 0x000000008e800000, 0x000000008e800000| Untracked 
| 233|0x000000008e900000, 0x000000008ea00000, 0x000000008ea00000|100%| O|  |TAMS 0x000000008ea00000, 0x000000008ea00000| Untracked 
| 234|0x000000008ea00000, 0x000000008eb00000, 0x000000008eb00000|100%|HS|  |TAMS 0x000000008eb00000, 0x000000008eb00000| Complete 
| 235|0x000000008eb00000, 0x000000008eb00000, 0x000000008ec00000|  0%| F|  |TAMS 0x000000008eb00000, 0x000000008eb00000| Untracked 
| 236|0x000000008ec00000, 0x000000008ed00000, 0x000000008ed00000|100%| O|  |TAMS 0x000000008ed00000, 0x000000008ed00000| Untracked 
| 237|0x000000008ed00000, 0x000000008ee00000, 0x000000008ee00000|100%| O|  |TAMS 0x000000008ee00000, 0x000000008ee00000| Untracked 
| 238|0x000000008ee00000, 0x000000008ef00000, 0x000000008ef00000|100%|HS|  |TAMS 0x000000008ef00000, 0x000000008ef00000| Complete 
| 239|0x000000008ef00000, 0x000000008f000000, 0x000000008f000000|100%|HC|  |TAMS 0x000000008f000000, 0x000000008f000000| Complete 
| 240|0x000000008f000000, 0x000000008f100000, 0x000000008f100000|100%|HS|  |TAMS 0x000000008f100000, 0x000000008f100000| Complete 
| 241|0x000000008f100000, 0x000000008f200000, 0x000000008f200000|100%|HC|  |TAMS 0x000000008f200000, 0x000000008f200000| Complete 
| 242|0x000000008f200000, 0x000000008f300000, 0x000000008f300000|100%|HS|  |TAMS 0x000000008f300000, 0x000000008f300000| Complete 
| 243|0x000000008f300000, 0x000000008f400000, 0x000000008f400000|100%|HS|  |TAMS 0x000000008f400000, 0x000000008f400000| Complete 
| 244|0x000000008f400000, 0x000000008f500000, 0x000000008f500000|100%|HC|  |TAMS 0x000000008f500000, 0x000000008f500000| Complete 
| 245|0x000000008f500000, 0x000000008f600000, 0x000000008f600000|100%| O|  |TAMS 0x000000008f600000, 0x000000008f600000| Untracked 
| 246|0x000000008f600000, 0x000000008f700000, 0x000000008f700000|100%|HS|  |TAMS 0x000000008f700000, 0x000000008f700000| Complete 
| 247|0x000000008f700000, 0x000000008f800000, 0x000000008f800000|100%|HS|  |TAMS 0x000000008f800000, 0x000000008f800000| Complete 
| 248|0x000000008f800000, 0x000000008f900000, 0x000000008f900000|100%|HS|  |TAMS 0x000000008f900000, 0x000000008f900000| Complete 
| 249|0x000000008f900000, 0x000000008fa00000, 0x000000008fa00000|100%|HC|  |TAMS 0x000000008fa00000, 0x000000008fa00000| Complete 
| 250|0x000000008fa00000, 0x000000008fb00000, 0x000000008fb00000|100%|HS|  |TAMS 0x000000008fb00000, 0x000000008fb00000| Complete 
| 251|0x000000008fb00000, 0x000000008fc00000, 0x000000008fc00000|100%|HS|  |TAMS 0x000000008fc00000, 0x000000008fc00000| Complete 
| 252|0x000000008fc00000, 0x000000008fd00000, 0x000000008fd00000|100%| O|  |TAMS 0x000000008fd00000, 0x000000008fd00000| Untracked 
| 253|0x000000008fd00000, 0x000000008fe00000, 0x000000008fe00000|100%|HS|  |TAMS 0x000000008fe00000, 0x000000008fe00000| Complete 
| 254|0x000000008fe00000, 0x000000008ff00000, 0x000000008ff00000|100%|HS|  |TAMS 0x000000008ff00000, 0x000000008ff00000| Complete 
| 255|0x000000008ff00000, 0x0000000090000000, 0x0000000090000000|100%|HS|  |TAMS 0x0000000090000000, 0x0000000090000000| Complete 
| 256|0x0000000090000000, 0x0000000090100000, 0x0000000090100000|100%|HC|  |TAMS 0x0000000090100000, 0x0000000090100000| Complete 
| 257|0x0000000090100000, 0x0000000090100000, 0x0000000090200000|  0%| F|  |TAMS 0x0000000090100000, 0x0000000090100000| Untracked 
| 258|0x0000000090200000, 0x0000000090200000, 0x0000000090300000|  0%| F|  |TAMS 0x0000000090200000, 0x0000000090200000| Untracked 
| 259|0x0000000090300000, 0x0000000090300000, 0x0000000090400000|  0%| F|  |TAMS 0x0000000090300000, 0x0000000090300000| Untracked 
| 260|0x0000000090400000, 0x0000000090400000, 0x0000000090500000|  0%| F|  |TAMS 0x0000000090400000, 0x0000000090400000| Untracked 
| 261|0x0000000090500000, 0x0000000090500000, 0x0000000090600000|  0%| F|  |TAMS 0x0000000090500000, 0x0000000090500000| Untracked 
| 262|0x0000000090600000, 0x0000000090600000, 0x0000000090700000|  0%| F|  |TAMS 0x0000000090600000, 0x0000000090600000| Untracked 
| 263|0x0000000090700000, 0x0000000090700000, 0x0000000090800000|  0%| F|  |TAMS 0x0000000090700000, 0x0000000090700000| Untracked 
| 264|0x0000000090800000, 0x0000000090800000, 0x0000000090900000|  0%| F|  |TAMS 0x0000000090800000, 0x0000000090800000| Untracked 
| 265|0x0000000090900000, 0x0000000090900000, 0x0000000090a00000|  0%| F|  |TAMS 0x0000000090900000, 0x0000000090900000| Untracked 
| 266|0x0000000090a00000, 0x0000000090a00000, 0x0000000090b00000|  0%| F|  |TAMS 0x0000000090a00000, 0x0000000090a00000| Untracked 
| 267|0x0000000090b00000, 0x0000000090b00000, 0x0000000090c00000|  0%| F|  |TAMS 0x0000000090b00000, 0x0000000090b00000| Untracked 
| 268|0x0000000090c00000, 0x0000000090c00000, 0x0000000090d00000|  0%| F|  |TAMS 0x0000000090c00000, 0x0000000090c00000| Untracked 
| 269|0x0000000090d00000, 0x0000000090d00000, 0x0000000090e00000|  0%| F|  |TAMS 0x0000000090d00000, 0x0000000090d00000| Untracked 
| 270|0x0000000090e00000, 0x0000000090e00000, 0x0000000090f00000|  0%| F|  |TAMS 0x0000000090e00000, 0x0000000090e00000| Untracked 
| 271|0x0000000090f00000, 0x0000000090f00000, 0x0000000091000000|  0%| F|  |TAMS 0x0000000090f00000, 0x0000000090f00000| Untracked 
| 272|0x0000000091000000, 0x0000000091000000, 0x0000000091100000|  0%| F|  |TAMS 0x0000000091000000, 0x0000000091000000| Untracked 
| 273|0x0000000091100000, 0x0000000091100000, 0x0000000091200000|  0%| F|  |TAMS 0x0000000091100000, 0x0000000091100000| Untracked 
| 274|0x0000000091200000, 0x0000000091200000, 0x0000000091300000|  0%| F|  |TAMS 0x0000000091200000, 0x0000000091200000| Untracked 
| 275|0x0000000091300000, 0x0000000091300000, 0x0000000091400000|  0%| F|  |TAMS 0x0000000091300000, 0x0000000091300000| Untracked 
| 276|0x0000000091400000, 0x0000000091400000, 0x0000000091500000|  0%| F|  |TAMS 0x0000000091400000, 0x0000000091400000| Untracked 
| 277|0x0000000091500000, 0x0000000091500000, 0x0000000091600000|  0%| F|  |TAMS 0x0000000091500000, 0x0000000091500000| Untracked 
| 278|0x0000000091600000, 0x0000000091600000, 0x0000000091700000|  0%| F|  |TAMS 0x0000000091600000, 0x0000000091600000| Untracked 
| 279|0x0000000091700000, 0x0000000091700000, 0x0000000091800000|  0%| F|  |TAMS 0x0000000091700000, 0x0000000091700000| Untracked 
| 280|0x0000000091800000, 0x0000000091800000, 0x0000000091900000|  0%| F|  |TAMS 0x0000000091800000, 0x0000000091800000| Untracked 
| 281|0x0000000091900000, 0x0000000091900000, 0x0000000091a00000|  0%| F|  |TAMS 0x0000000091900000, 0x0000000091900000| Untracked 
| 282|0x0000000091a00000, 0x0000000091a00000, 0x0000000091b00000|  0%| F|  |TAMS 0x0000000091a00000, 0x0000000091a00000| Untracked 
| 283|0x0000000091b00000, 0x0000000091b00000, 0x0000000091c00000|  0%| F|  |TAMS 0x0000000091b00000, 0x0000000091b00000| Untracked 
| 284|0x0000000091c00000, 0x0000000091c00000, 0x0000000091d00000|  0%| F|  |TAMS 0x0000000091c00000, 0x0000000091c00000| Untracked 
| 285|0x0000000091d00000, 0x0000000091d00000, 0x0000000091e00000|  0%| F|  |TAMS 0x0000000091d00000, 0x0000000091d00000| Untracked 
| 286|0x0000000091e00000, 0x0000000091e00000, 0x0000000091f00000|  0%| F|  |TAMS 0x0000000091e00000, 0x0000000091e00000| Untracked 
| 287|0x0000000091f00000, 0x0000000091f00000, 0x0000000092000000|  0%| F|  |TAMS 0x0000000091f00000, 0x0000000091f00000| Untracked 
| 288|0x0000000092000000, 0x0000000092000000, 0x0000000092100000|  0%| F|  |TAMS 0x0000000092000000, 0x0000000092000000| Untracked 
| 289|0x0000000092100000, 0x0000000092100000, 0x0000000092200000|  0%| F|  |TAMS 0x0000000092100000, 0x0000000092100000| Untracked 
| 290|0x0000000092200000, 0x0000000092200000, 0x0000000092300000|  0%| F|  |TAMS 0x0000000092200000, 0x0000000092200000| Untracked 
| 291|0x0000000092300000, 0x0000000092300000, 0x0000000092400000|  0%| F|  |TAMS 0x0000000092300000, 0x0000000092300000| Untracked 
| 292|0x0000000092400000, 0x0000000092500000, 0x0000000092500000|100%| O|  |TAMS 0x0000000092500000, 0x0000000092500000| Untracked 
| 293|0x0000000092500000, 0x0000000092600000, 0x0000000092600000|100%| O|  |TAMS 0x0000000092600000, 0x0000000092600000| Untracked 
| 294|0x0000000092600000, 0x0000000092700000, 0x0000000092700000|100%| O|  |TAMS 0x0000000092700000, 0x0000000092700000| Untracked 
| 295|0x0000000092700000, 0x0000000092800000, 0x0000000092800000|100%| O|  |TAMS 0x0000000092800000, 0x0000000092800000| Untracked 
| 296|0x0000000092800000, 0x0000000092900000, 0x0000000092900000|100%| O|  |TAMS 0x0000000092900000, 0x0000000092900000| Untracked 
| 297|0x0000000092900000, 0x0000000092a00000, 0x0000000092a00000|100%| O|  |TAMS 0x0000000092a00000, 0x0000000092a00000| Untracked 
| 298|0x0000000092a00000, 0x0000000092b00000, 0x0000000092b00000|100%| O|  |TAMS 0x0000000092b00000, 0x0000000092b00000| Untracked 
| 299|0x0000000092b00000, 0x0000000092c00000, 0x0000000092c00000|100%| O|  |TAMS 0x0000000092c00000, 0x0000000092c00000| Untracked 
| 300|0x0000000092c00000, 0x0000000092d00000, 0x0000000092d00000|100%| O|  |TAMS 0x0000000092d00000, 0x0000000092d00000| Untracked 
| 301|0x0000000092d00000, 0x0000000092e00000, 0x0000000092e00000|100%| O|  |TAMS 0x0000000092e00000, 0x0000000092e00000| Untracked 
| 302|0x0000000092e00000, 0x0000000092f00000, 0x0000000092f00000|100%| O|  |TAMS 0x0000000092f00000, 0x0000000092f00000| Untracked 
| 303|0x0000000092f00000, 0x0000000093000000, 0x0000000093000000|100%| O|  |TAMS 0x0000000093000000, 0x0000000093000000| Untracked 
| 304|0x0000000093000000, 0x0000000093100000, 0x0000000093100000|100%| O|  |TAMS 0x0000000093100000, 0x0000000093100000| Untracked 
| 305|0x0000000093100000, 0x0000000093200000, 0x0000000093200000|100%| O|  |TAMS 0x0000000093200000, 0x0000000093200000| Untracked 
| 306|0x0000000093200000, 0x0000000093300000, 0x0000000093300000|100%| O|  |TAMS 0x0000000093300000, 0x0000000093300000| Untracked 
| 307|0x0000000093300000, 0x0000000093400000, 0x0000000093400000|100%| O|  |TAMS 0x0000000093400000, 0x0000000093400000| Untracked 
| 308|0x0000000093400000, 0x0000000093500000, 0x0000000093500000|100%| O|  |TAMS 0x0000000093500000, 0x0000000093500000| Untracked 
| 309|0x0000000093500000, 0x0000000093600000, 0x0000000093600000|100%| O|  |TAMS 0x0000000093600000, 0x0000000093600000| Untracked 
| 310|0x0000000093600000, 0x0000000093700000, 0x0000000093700000|100%| O|  |TAMS 0x0000000093700000, 0x0000000093700000| Untracked 
| 311|0x0000000093700000, 0x0000000093800000, 0x0000000093800000|100%| O|  |TAMS 0x0000000093800000, 0x0000000093800000| Untracked 
| 312|0x0000000093800000, 0x0000000093900000, 0x0000000093900000|100%| O|  |TAMS 0x0000000093900000, 0x0000000093900000| Untracked 
| 313|0x0000000093900000, 0x0000000093a00000, 0x0000000093a00000|100%| O|  |TAMS 0x0000000093a00000, 0x0000000093a00000| Untracked 
| 314|0x0000000093a00000, 0x0000000093b00000, 0x0000000093b00000|100%| O|  |TAMS 0x0000000093afea00, 0x0000000093b00000| Untracked 
| 315|0x0000000093b00000, 0x0000000093b00000, 0x0000000093c00000|  0%| F|  |TAMS 0x0000000093b00000, 0x0000000093b00000| Untracked 
| 316|0x0000000093c00000, 0x0000000093c00000, 0x0000000093d00000|  0%| F|  |TAMS 0x0000000093c00000, 0x0000000093c00000| Untracked 
| 317|0x0000000093d00000, 0x0000000093d00000, 0x0000000093e00000|  0%| F|  |TAMS 0x0000000093d00000, 0x0000000093d00000| Untracked 
| 318|0x0000000093e00000, 0x0000000093e00000, 0x0000000093f00000|  0%| F|  |TAMS 0x0000000093e00000, 0x0000000093e00000| Untracked 
| 319|0x0000000093f00000, 0x0000000093f00000, 0x0000000094000000|  0%| F|  |TAMS 0x0000000093f00000, 0x0000000093f00000| Untracked 
| 320|0x0000000094000000, 0x0000000094000000, 0x0000000094100000|  0%| F|  |TAMS 0x0000000094000000, 0x0000000094000000| Untracked 
| 321|0x0000000094100000, 0x0000000094100000, 0x0000000094200000|  0%| F|  |TAMS 0x0000000094100000, 0x0000000094100000| Untracked 
| 322|0x0000000094200000, 0x0000000094200000, 0x0000000094300000|  0%| F|  |TAMS 0x0000000094200000, 0x0000000094200000| Untracked 
| 323|0x0000000094300000, 0x0000000094300000, 0x0000000094400000|  0%| F|  |TAMS 0x0000000094300000, 0x0000000094300000| Untracked 
| 324|0x0000000094400000, 0x0000000094400000, 0x0000000094500000|  0%| F|  |TAMS 0x0000000094400000, 0x0000000094400000| Untracked 
| 325|0x0000000094500000, 0x0000000094500000, 0x0000000094600000|  0%| F|  |TAMS 0x0000000094500000, 0x0000000094500000| Untracked 
| 326|0x0000000094600000, 0x0000000094600000, 0x0000000094700000|  0%| F|  |TAMS 0x0000000094600000, 0x0000000094600000| Untracked 
| 327|0x0000000094700000, 0x0000000094700000, 0x0000000094800000|  0%| F|  |TAMS 0x0000000094700000, 0x0000000094700000| Untracked 
| 328|0x0000000094800000, 0x0000000094800000, 0x0000000094900000|  0%| F|  |TAMS 0x0000000094800000, 0x0000000094800000| Untracked 
| 329|0x0000000094900000, 0x0000000094900000, 0x0000000094a00000|  0%| F|  |TAMS 0x0000000094900000, 0x0000000094900000| Untracked 
| 330|0x0000000094a00000, 0x0000000094a00000, 0x0000000094b00000|  0%| F|  |TAMS 0x0000000094a00000, 0x0000000094a00000| Untracked 
| 331|0x0000000094b00000, 0x0000000094b00000, 0x0000000094c00000|  0%| F|  |TAMS 0x0000000094b00000, 0x0000000094b00000| Untracked 
| 332|0x0000000094c00000, 0x0000000094c00000, 0x0000000094d00000|  0%| F|  |TAMS 0x0000000094c00000, 0x0000000094c00000| Untracked 
| 333|0x0000000094d00000, 0x0000000094d00000, 0x0000000094e00000|  0%| F|  |TAMS 0x0000000094d00000, 0x0000000094d00000| Untracked 
| 334|0x0000000094e00000, 0x0000000094e00000, 0x0000000094f00000|  0%| F|  |TAMS 0x0000000094e00000, 0x0000000094e00000| Untracked 
| 335|0x0000000094f00000, 0x0000000094f00000, 0x0000000095000000|  0%| F|  |TAMS 0x0000000094f00000, 0x0000000094f00000| Untracked 
| 336|0x0000000095000000, 0x0000000095000000, 0x0000000095100000|  0%| F|  |TAMS 0x0000000095000000, 0x0000000095000000| Untracked 
| 337|0x0000000095100000, 0x0000000095100000, 0x0000000095200000|  0%| F|  |TAMS 0x0000000095100000, 0x0000000095100000| Untracked 
| 338|0x0000000095200000, 0x0000000095200000, 0x0000000095300000|  0%| F|  |TAMS 0x0000000095200000, 0x0000000095200000| Untracked 
| 339|0x0000000095300000, 0x0000000095300000, 0x0000000095400000|  0%| F|  |TAMS 0x0000000095300000, 0x0000000095300000| Untracked 
| 340|0x0000000095400000, 0x0000000095400000, 0x0000000095500000|  0%| F|  |TAMS 0x0000000095400000, 0x0000000095400000| Untracked 
| 341|0x0000000095500000, 0x0000000095500000, 0x0000000095600000|  0%| F|  |TAMS 0x0000000095500000, 0x0000000095500000| Untracked 
| 342|0x0000000095600000, 0x0000000095600000, 0x0000000095700000|  0%| F|  |TAMS 0x0000000095600000, 0x0000000095600000| Untracked 
| 343|0x0000000095700000, 0x0000000095700000, 0x0000000095800000|  0%| F|  |TAMS 0x0000000095700000, 0x0000000095700000| Untracked 
| 344|0x0000000095800000, 0x0000000095800000, 0x0000000095900000|  0%| F|  |TAMS 0x0000000095800000, 0x0000000095800000| Untracked 
| 345|0x0000000095900000, 0x0000000095900000, 0x0000000095a00000|  0%| F|  |TAMS 0x0000000095900000, 0x0000000095900000| Untracked 
| 346|0x0000000095a00000, 0x0000000095a00000, 0x0000000095b00000|  0%| F|  |TAMS 0x0000000095a00000, 0x0000000095a00000| Untracked 
| 347|0x0000000095b00000, 0x0000000095b00000, 0x0000000095c00000|  0%| F|  |TAMS 0x0000000095b00000, 0x0000000095b00000| Untracked 
| 348|0x0000000095c00000, 0x0000000095c00000, 0x0000000095d00000|  0%| F|  |TAMS 0x0000000095c00000, 0x0000000095c00000| Untracked 
| 349|0x0000000095d00000, 0x0000000095d00000, 0x0000000095e00000|  0%| F|  |TAMS 0x0000000095d00000, 0x0000000095d00000| Untracked 
| 350|0x0000000095e00000, 0x0000000095e00000, 0x0000000095f00000|  0%| F|  |TAMS 0x0000000095e00000, 0x0000000095e00000| Untracked 
| 351|0x0000000095f00000, 0x0000000095f00000, 0x0000000096000000|  0%| F|  |TAMS 0x0000000095f00000, 0x0000000095f00000| Untracked 
| 352|0x0000000096000000, 0x0000000096000000, 0x0000000096100000|  0%| F|  |TAMS 0x0000000096000000, 0x0000000096000000| Untracked 
| 353|0x0000000096100000, 0x0000000096100000, 0x0000000096200000|  0%| F|  |TAMS 0x0000000096100000, 0x0000000096100000| Untracked 
| 354|0x0000000096200000, 0x0000000096200000, 0x0000000096300000|  0%| F|  |TAMS 0x0000000096200000, 0x0000000096200000| Untracked 
| 355|0x0000000096300000, 0x0000000096300000, 0x0000000096400000|  0%| F|  |TAMS 0x0000000096300000, 0x0000000096300000| Untracked 
| 356|0x0000000096400000, 0x0000000096400000, 0x0000000096500000|  0%| F|  |TAMS 0x0000000096400000, 0x0000000096400000| Untracked 
| 357|0x0000000096500000, 0x0000000096500000, 0x0000000096600000|  0%| F|  |TAMS 0x0000000096500000, 0x0000000096500000| Untracked 
| 358|0x0000000096600000, 0x0000000096600000, 0x0000000096700000|  0%| F|  |TAMS 0x0000000096600000, 0x0000000096600000| Untracked 
| 359|0x0000000096700000, 0x0000000096700000, 0x0000000096800000|  0%| F|  |TAMS 0x0000000096700000, 0x0000000096700000| Untracked 
| 360|0x0000000096800000, 0x0000000096800000, 0x0000000096900000|  0%| F|  |TAMS 0x0000000096800000, 0x0000000096800000| Untracked 
| 361|0x0000000096900000, 0x0000000096900000, 0x0000000096a00000|  0%| F|  |TAMS 0x0000000096900000, 0x0000000096900000| Untracked 
| 362|0x0000000096a00000, 0x0000000096a00000, 0x0000000096b00000|  0%| F|  |TAMS 0x0000000096a00000, 0x0000000096a00000| Untracked 
| 363|0x0000000096b00000, 0x0000000096b00000, 0x0000000096c00000|  0%| F|  |TAMS 0x0000000096b00000, 0x0000000096b00000| Untracked 
| 364|0x0000000096c00000, 0x0000000096c00000, 0x0000000096d00000|  0%| F|  |TAMS 0x0000000096c00000, 0x0000000096c00000| Untracked 
| 365|0x0000000096d00000, 0x0000000096d00000, 0x0000000096e00000|  0%| F|  |TAMS 0x0000000096d00000, 0x0000000096d00000| Untracked 
| 366|0x0000000096e00000, 0x0000000096e00000, 0x0000000096f00000|  0%| F|  |TAMS 0x0000000096e00000, 0x0000000096e00000| Untracked 
| 367|0x0000000096f00000, 0x0000000096f00000, 0x0000000097000000|  0%| F|  |TAMS 0x0000000096f00000, 0x0000000096f00000| Untracked 
| 368|0x0000000097000000, 0x0000000097000000, 0x0000000097100000|  0%| F|  |TAMS 0x0000000097000000, 0x0000000097000000| Untracked 
| 369|0x0000000097100000, 0x0000000097100000, 0x0000000097200000|  0%| F|  |TAMS 0x0000000097100000, 0x0000000097100000| Untracked 
| 370|0x0000000097200000, 0x0000000097200000, 0x0000000097300000|  0%| F|  |TAMS 0x0000000097200000, 0x0000000097200000| Untracked 
| 371|0x0000000097300000, 0x0000000097300000, 0x0000000097400000|  0%| F|  |TAMS 0x0000000097300000, 0x0000000097300000| Untracked 
| 372|0x0000000097400000, 0x0000000097400000, 0x0000000097500000|  0%| F|  |TAMS 0x0000000097400000, 0x0000000097400000| Untracked 
| 373|0x0000000097500000, 0x0000000097500000, 0x0000000097600000|  0%| F|  |TAMS 0x0000000097500000, 0x0000000097500000| Untracked 
| 374|0x0000000097600000, 0x0000000097600000, 0x0000000097700000|  0%| F|  |TAMS 0x0000000097600000, 0x0000000097600000| Untracked 
| 375|0x0000000097700000, 0x0000000097700000, 0x0000000097800000|  0%| F|  |TAMS 0x0000000097700000, 0x0000000097700000| Untracked 
| 376|0x0000000097800000, 0x0000000097800000, 0x0000000097900000|  0%| F|  |TAMS 0x0000000097800000, 0x0000000097800000| Untracked 
| 377|0x0000000097900000, 0x0000000097900000, 0x0000000097a00000|  0%| F|  |TAMS 0x0000000097900000, 0x0000000097900000| Untracked 
| 378|0x0000000097a00000, 0x0000000097a00000, 0x0000000097b00000|  0%| F|  |TAMS 0x0000000097a00000, 0x0000000097a00000| Untracked 
| 379|0x0000000097b00000, 0x0000000097b00000, 0x0000000097c00000|  0%| F|  |TAMS 0x0000000097b00000, 0x0000000097b00000| Untracked 
| 380|0x0000000097c00000, 0x0000000097c00000, 0x0000000097d00000|  0%| F|  |TAMS 0x0000000097c00000, 0x0000000097c00000| Untracked 
| 381|0x0000000097d00000, 0x0000000097d00000, 0x0000000097e00000|  0%| F|  |TAMS 0x0000000097d00000, 0x0000000097d00000| Untracked 
| 382|0x0000000097e00000, 0x0000000097e00000, 0x0000000097f00000|  0%| F|  |TAMS 0x0000000097e00000, 0x0000000097e00000| Untracked 
| 383|0x0000000097f00000, 0x0000000097f00000, 0x0000000098000000|  0%| F|  |TAMS 0x0000000097f00000, 0x0000000097f00000| Untracked 
| 384|0x0000000098000000, 0x0000000098000000, 0x0000000098100000|  0%| F|  |TAMS 0x0000000098000000, 0x0000000098000000| Untracked 
| 385|0x0000000098100000, 0x0000000098100000, 0x0000000098200000|  0%| F|  |TAMS 0x0000000098100000, 0x0000000098100000| Untracked 
| 386|0x0000000098200000, 0x0000000098200000, 0x0000000098300000|  0%| F|  |TAMS 0x0000000098200000, 0x0000000098200000| Untracked 
| 387|0x0000000098300000, 0x0000000098300000, 0x0000000098400000|  0%| F|  |TAMS 0x0000000098300000, 0x0000000098300000| Untracked 
| 388|0x0000000098400000, 0x0000000098400000, 0x0000000098500000|  0%| F|  |TAMS 0x0000000098400000, 0x0000000098400000| Untracked 
| 389|0x0000000098500000, 0x0000000098500000, 0x0000000098600000|  0%| F|  |TAMS 0x0000000098500000, 0x0000000098500000| Untracked 
| 390|0x0000000098600000, 0x0000000098600000, 0x0000000098700000|  0%| F|  |TAMS 0x0000000098600000, 0x0000000098600000| Untracked 
| 391|0x0000000098700000, 0x0000000098700000, 0x0000000098800000|  0%| F|  |TAMS 0x0000000098700000, 0x0000000098700000| Untracked 
| 392|0x0000000098800000, 0x0000000098800000, 0x0000000098900000|  0%| F|  |TAMS 0x0000000098800000, 0x0000000098800000| Untracked 
| 393|0x0000000098900000, 0x0000000098900000, 0x0000000098a00000|  0%| F|  |TAMS 0x0000000098900000, 0x0000000098900000| Untracked 
| 394|0x0000000098a00000, 0x0000000098a00000, 0x0000000098b00000|  0%| F|  |TAMS 0x0000000098a00000, 0x0000000098a00000| Untracked 
| 395|0x0000000098b00000, 0x0000000098b00000, 0x0000000098c00000|  0%| F|  |TAMS 0x0000000098b00000, 0x0000000098b00000| Untracked 
| 396|0x0000000098c00000, 0x0000000098c00000, 0x0000000098d00000|  0%| F|  |TAMS 0x0000000098c00000, 0x0000000098c00000| Untracked 
| 397|0x0000000098d00000, 0x0000000098d00000, 0x0000000098e00000|  0%| F|  |TAMS 0x0000000098d00000, 0x0000000098d00000| Untracked 
| 398|0x0000000098e00000, 0x0000000098e00000, 0x0000000098f00000|  0%| F|  |TAMS 0x0000000098e00000, 0x0000000098e00000| Untracked 
| 399|0x0000000098f00000, 0x0000000098f00000, 0x0000000099000000|  0%| F|  |TAMS 0x0000000098f00000, 0x0000000098f00000| Untracked 
| 400|0x0000000099000000, 0x0000000099000000, 0x0000000099100000|  0%| F|  |TAMS 0x0000000099000000, 0x0000000099000000| Untracked 
| 401|0x0000000099100000, 0x0000000099100000, 0x0000000099200000|  0%| F|  |TAMS 0x0000000099100000, 0x0000000099100000| Untracked 
| 402|0x0000000099200000, 0x0000000099200000, 0x0000000099300000|  0%| F|  |TAMS 0x0000000099200000, 0x0000000099200000| Untracked 
| 403|0x0000000099300000, 0x0000000099300000, 0x0000000099400000|  0%| F|  |TAMS 0x0000000099300000, 0x0000000099300000| Untracked 
| 404|0x0000000099400000, 0x0000000099400000, 0x0000000099500000|  0%| F|  |TAMS 0x0000000099400000, 0x0000000099400000| Untracked 
| 405|0x0000000099500000, 0x0000000099500000, 0x0000000099600000|  0%| F|  |TAMS 0x0000000099500000, 0x0000000099500000| Untracked 
| 406|0x0000000099600000, 0x0000000099600000, 0x0000000099700000|  0%| F|  |TAMS 0x0000000099600000, 0x0000000099600000| Untracked 
| 407|0x0000000099700000, 0x0000000099700000, 0x0000000099800000|  0%| F|  |TAMS 0x0000000099700000, 0x0000000099700000| Untracked 
| 408|0x0000000099800000, 0x0000000099800000, 0x0000000099900000|  0%| F|  |TAMS 0x0000000099800000, 0x0000000099800000| Untracked 
| 409|0x0000000099900000, 0x0000000099900000, 0x0000000099a00000|  0%| F|  |TAMS 0x0000000099900000, 0x0000000099900000| Untracked 
| 410|0x0000000099a00000, 0x0000000099a00000, 0x0000000099b00000|  0%| F|  |TAMS 0x0000000099a00000, 0x0000000099a00000| Untracked 
| 411|0x0000000099b00000, 0x0000000099b00000, 0x0000000099c00000|  0%| F|  |TAMS 0x0000000099b00000, 0x0000000099b00000| Untracked 
| 412|0x0000000099c00000, 0x0000000099c00000, 0x0000000099d00000|  0%| F|  |TAMS 0x0000000099c00000, 0x0000000099c00000| Untracked 
| 413|0x0000000099d00000, 0x0000000099d00000, 0x0000000099e00000|  0%| F|  |TAMS 0x0000000099d00000, 0x0000000099d00000| Untracked 
| 414|0x0000000099e00000, 0x0000000099e00000, 0x0000000099f00000|  0%| F|  |TAMS 0x0000000099e00000, 0x0000000099e00000| Untracked 
| 415|0x0000000099f00000, 0x0000000099f00000, 0x000000009a000000|  0%| F|  |TAMS 0x0000000099f00000, 0x0000000099f00000| Untracked 
| 416|0x000000009a000000, 0x000000009a000000, 0x000000009a100000|  0%| F|  |TAMS 0x000000009a000000, 0x000000009a000000| Untracked 
| 417|0x000000009a100000, 0x000000009a100000, 0x000000009a200000|  0%| F|  |TAMS 0x000000009a100000, 0x000000009a100000| Untracked 
| 418|0x000000009a200000, 0x000000009a200000, 0x000000009a300000|  0%| F|  |TAMS 0x000000009a200000, 0x000000009a200000| Untracked 
| 419|0x000000009a300000, 0x000000009a300000, 0x000000009a400000|  0%| F|  |TAMS 0x000000009a300000, 0x000000009a300000| Untracked 
| 420|0x000000009a400000, 0x000000009a400000, 0x000000009a500000|  0%| F|  |TAMS 0x000000009a400000, 0x000000009a400000| Untracked 
| 421|0x000000009a500000, 0x000000009a500000, 0x000000009a600000|  0%| F|  |TAMS 0x000000009a500000, 0x000000009a500000| Untracked 
| 422|0x000000009a600000, 0x000000009a600000, 0x000000009a700000|  0%| F|  |TAMS 0x000000009a600000, 0x000000009a600000| Untracked 
| 423|0x000000009a700000, 0x000000009a700000, 0x000000009a800000|  0%| F|  |TAMS 0x000000009a700000, 0x000000009a700000| Untracked 
| 424|0x000000009a800000, 0x000000009a800000, 0x000000009a900000|  0%| F|  |TAMS 0x000000009a800000, 0x000000009a800000| Untracked 
| 425|0x000000009a900000, 0x000000009a900000, 0x000000009aa00000|  0%| F|  |TAMS 0x000000009a900000, 0x000000009a900000| Untracked 
| 426|0x000000009aa00000, 0x000000009aa00000, 0x000000009ab00000|  0%| F|  |TAMS 0x000000009aa00000, 0x000000009aa00000| Untracked 
| 427|0x000000009ab00000, 0x000000009ab00000, 0x000000009ac00000|  0%| F|  |TAMS 0x000000009ab00000, 0x000000009ab00000| Untracked 
| 428|0x000000009ac00000, 0x000000009ac00000, 0x000000009ad00000|  0%| F|  |TAMS 0x000000009ac00000, 0x000000009ac00000| Untracked 
| 429|0x000000009ad00000, 0x000000009ad00000, 0x000000009ae00000|  0%| F|  |TAMS 0x000000009ad00000, 0x000000009ad00000| Untracked 
| 430|0x000000009ae00000, 0x000000009ae00000, 0x000000009af00000|  0%| F|  |TAMS 0x000000009ae00000, 0x000000009ae00000| Untracked 
| 431|0x000000009af00000, 0x000000009af00000, 0x000000009b000000|  0%| F|  |TAMS 0x000000009af00000, 0x000000009af00000| Untracked 
| 432|0x000000009b000000, 0x000000009b000000, 0x000000009b100000|  0%| F|  |TAMS 0x000000009b000000, 0x000000009b000000| Untracked 
| 433|0x000000009b100000, 0x000000009b100000, 0x000000009b200000|  0%| F|  |TAMS 0x000000009b100000, 0x000000009b100000| Untracked 
| 434|0x000000009b200000, 0x000000009b200000, 0x000000009b300000|  0%| F|  |TAMS 0x000000009b200000, 0x000000009b200000| Untracked 
| 435|0x000000009b300000, 0x000000009b300000, 0x000000009b400000|  0%| F|  |TAMS 0x000000009b300000, 0x000000009b300000| Untracked 
| 436|0x000000009b400000, 0x000000009b400000, 0x000000009b500000|  0%| F|  |TAMS 0x000000009b400000, 0x000000009b400000| Untracked 
| 437|0x000000009b500000, 0x000000009b500000, 0x000000009b600000|  0%| F|  |TAMS 0x000000009b500000, 0x000000009b500000| Untracked 
| 438|0x000000009b600000, 0x000000009b600000, 0x000000009b700000|  0%| F|  |TAMS 0x000000009b600000, 0x000000009b600000| Untracked 
| 439|0x000000009b700000, 0x000000009b700000, 0x000000009b800000|  0%| F|  |TAMS 0x000000009b700000, 0x000000009b700000| Untracked 
| 440|0x000000009b800000, 0x000000009b800000, 0x000000009b900000|  0%| F|  |TAMS 0x000000009b800000, 0x000000009b800000| Untracked 
| 441|0x000000009b900000, 0x000000009b900000, 0x000000009ba00000|  0%| F|  |TAMS 0x000000009b900000, 0x000000009b900000| Untracked 
| 442|0x000000009ba00000, 0x000000009ba00000, 0x000000009bb00000|  0%| F|  |TAMS 0x000000009ba00000, 0x000000009ba00000| Untracked 
| 443|0x000000009bb00000, 0x000000009bb00000, 0x000000009bc00000|  0%| F|  |TAMS 0x000000009bb00000, 0x000000009bb00000| Untracked 
| 444|0x000000009bc00000, 0x000000009bc00000, 0x000000009bd00000|  0%| F|  |TAMS 0x000000009bc00000, 0x000000009bc00000| Untracked 
| 445|0x000000009bd00000, 0x000000009bd00000, 0x000000009be00000|  0%| F|  |TAMS 0x000000009bd00000, 0x000000009bd00000| Untracked 
| 446|0x000000009be00000, 0x000000009be00000, 0x000000009bf00000|  0%| F|  |TAMS 0x000000009be00000, 0x000000009be00000| Untracked 
| 447|0x000000009bf00000, 0x000000009bf00000, 0x000000009c000000|  0%| F|  |TAMS 0x000000009bf00000, 0x000000009bf00000| Untracked 
| 448|0x000000009c000000, 0x000000009c000000, 0x000000009c100000|  0%| F|  |TAMS 0x000000009c000000, 0x000000009c000000| Untracked 
| 449|0x000000009c100000, 0x000000009c100000, 0x000000009c200000|  0%| F|  |TAMS 0x000000009c100000, 0x000000009c100000| Untracked 
| 450|0x000000009c200000, 0x000000009c200000, 0x000000009c300000|  0%| F|  |TAMS 0x000000009c200000, 0x000000009c200000| Untracked 
| 451|0x000000009c300000, 0x000000009c300000, 0x000000009c400000|  0%| F|  |TAMS 0x000000009c300000, 0x000000009c300000| Untracked 
| 452|0x000000009c400000, 0x000000009c400000, 0x000000009c500000|  0%| F|  |TAMS 0x000000009c400000, 0x000000009c400000| Untracked 
| 453|0x000000009c500000, 0x000000009c500000, 0x000000009c600000|  0%| F|  |TAMS 0x000000009c500000, 0x000000009c500000| Untracked 
| 454|0x000000009c600000, 0x000000009c600000, 0x000000009c700000|  0%| F|  |TAMS 0x000000009c600000, 0x000000009c600000| Untracked 
| 455|0x000000009c700000, 0x000000009c700000, 0x000000009c800000|  0%| F|  |TAMS 0x000000009c700000, 0x000000009c700000| Untracked 
| 456|0x000000009c800000, 0x000000009c800000, 0x000000009c900000|  0%| F|  |TAMS 0x000000009c800000, 0x000000009c800000| Untracked 
| 457|0x000000009c900000, 0x000000009c900000, 0x000000009ca00000|  0%| F|  |TAMS 0x000000009c900000, 0x000000009c900000| Untracked 
| 458|0x000000009ca00000, 0x000000009ca00000, 0x000000009cb00000|  0%| F|  |TAMS 0x000000009ca00000, 0x000000009ca00000| Untracked 
| 459|0x000000009cb00000, 0x000000009cb00000, 0x000000009cc00000|  0%| F|  |TAMS 0x000000009cb00000, 0x000000009cb00000| Untracked 
| 460|0x000000009cc00000, 0x000000009cc00000, 0x000000009cd00000|  0%| F|  |TAMS 0x000000009cc00000, 0x000000009cc00000| Untracked 
| 461|0x000000009cd00000, 0x000000009cd00000, 0x000000009ce00000|  0%| F|  |TAMS 0x000000009cd00000, 0x000000009cd00000| Untracked 
| 462|0x000000009ce00000, 0x000000009ce00000, 0x000000009cf00000|  0%| F|  |TAMS 0x000000009ce00000, 0x000000009ce00000| Untracked 
| 463|0x000000009cf00000, 0x000000009cf00000, 0x000000009d000000|  0%| F|  |TAMS 0x000000009cf00000, 0x000000009cf00000| Untracked 
| 464|0x000000009d000000, 0x000000009d000000, 0x000000009d100000|  0%| F|  |TAMS 0x000000009d000000, 0x000000009d000000| Untracked 
| 465|0x000000009d100000, 0x000000009d100000, 0x000000009d200000|  0%| F|  |TAMS 0x000000009d100000, 0x000000009d100000| Untracked 
| 466|0x000000009d200000, 0x000000009d200000, 0x000000009d300000|  0%| F|  |TAMS 0x000000009d200000, 0x000000009d200000| Untracked 
| 467|0x000000009d300000, 0x000000009d300000, 0x000000009d400000|  0%| F|  |TAMS 0x000000009d300000, 0x000000009d300000| Untracked 
| 468|0x000000009d400000, 0x000000009d400000, 0x000000009d500000|  0%| F|  |TAMS 0x000000009d400000, 0x000000009d400000| Untracked 
| 469|0x000000009d500000, 0x000000009d500000, 0x000000009d600000|  0%| F|  |TAMS 0x000000009d500000, 0x000000009d500000| Untracked 
| 470|0x000000009d600000, 0x000000009d600000, 0x000000009d700000|  0%| F|  |TAMS 0x000000009d600000, 0x000000009d600000| Untracked 
| 471|0x000000009d700000, 0x000000009d700000, 0x000000009d800000|  0%| F|  |TAMS 0x000000009d700000, 0x000000009d700000| Untracked 
| 472|0x000000009d800000, 0x000000009d800000, 0x000000009d900000|  0%| F|  |TAMS 0x000000009d800000, 0x000000009d800000| Untracked 
| 473|0x000000009d900000, 0x000000009d900000, 0x000000009da00000|  0%| F|  |TAMS 0x000000009d900000, 0x000000009d900000| Untracked 
| 474|0x000000009da00000, 0x000000009da00000, 0x000000009db00000|  0%| F|  |TAMS 0x000000009da00000, 0x000000009da00000| Untracked 
| 475|0x000000009db00000, 0x000000009db00000, 0x000000009dc00000|  0%| F|  |TAMS 0x000000009db00000, 0x000000009db00000| Untracked 
| 476|0x000000009dc00000, 0x000000009dc00000, 0x000000009dd00000|  0%| F|  |TAMS 0x000000009dc00000, 0x000000009dc00000| Untracked 
| 477|0x000000009dd00000, 0x000000009dd00000, 0x000000009de00000|  0%| F|  |TAMS 0x000000009dd00000, 0x000000009dd00000| Untracked 
| 478|0x000000009de00000, 0x000000009de00000, 0x000000009df00000|  0%| F|  |TAMS 0x000000009de00000, 0x000000009de00000| Untracked 
| 479|0x000000009df00000, 0x000000009df00000, 0x000000009e000000|  0%| F|  |TAMS 0x000000009df00000, 0x000000009df00000| Untracked 
| 480|0x000000009e000000, 0x000000009e000000, 0x000000009e100000|  0%| F|  |TAMS 0x000000009e000000, 0x000000009e000000| Untracked 
| 481|0x000000009e100000, 0x000000009e100000, 0x000000009e200000|  0%| F|  |TAMS 0x000000009e100000, 0x000000009e100000| Untracked 
| 482|0x000000009e200000, 0x000000009e200000, 0x000000009e300000|  0%| F|  |TAMS 0x000000009e200000, 0x000000009e200000| Untracked 
| 483|0x000000009e300000, 0x000000009e300000, 0x000000009e400000|  0%| F|  |TAMS 0x000000009e300000, 0x000000009e300000| Untracked 
| 484|0x000000009e400000, 0x000000009e400000, 0x000000009e500000|  0%| F|  |TAMS 0x000000009e400000, 0x000000009e400000| Untracked 
| 485|0x000000009e500000, 0x000000009e500000, 0x000000009e600000|  0%| F|  |TAMS 0x000000009e500000, 0x000000009e500000| Untracked 
| 486|0x000000009e600000, 0x000000009e600000, 0x000000009e700000|  0%| F|  |TAMS 0x000000009e600000, 0x000000009e600000| Untracked 
| 487|0x000000009e700000, 0x000000009e700000, 0x000000009e800000|  0%| F|  |TAMS 0x000000009e700000, 0x000000009e700000| Untracked 
| 488|0x000000009e800000, 0x000000009e800000, 0x000000009e900000|  0%| F|  |TAMS 0x000000009e800000, 0x000000009e800000| Untracked 
| 489|0x000000009e900000, 0x000000009e900000, 0x000000009ea00000|  0%| F|  |TAMS 0x000000009e900000, 0x000000009e900000| Untracked 
| 490|0x000000009ea00000, 0x000000009ea00000, 0x000000009eb00000|  0%| F|  |TAMS 0x000000009ea00000, 0x000000009ea00000| Untracked 
| 491|0x000000009eb00000, 0x000000009eb00000, 0x000000009ec00000|  0%| F|  |TAMS 0x000000009eb00000, 0x000000009eb00000| Untracked 
| 492|0x000000009ec00000, 0x000000009ec00000, 0x000000009ed00000|  0%| F|  |TAMS 0x000000009ec00000, 0x000000009ec00000| Untracked 
| 493|0x000000009ed00000, 0x000000009ed00000, 0x000000009ee00000|  0%| F|  |TAMS 0x000000009ed00000, 0x000000009ed00000| Untracked 
| 494|0x000000009ee00000, 0x000000009ee00000, 0x000000009ef00000|  0%| F|  |TAMS 0x000000009ee00000, 0x000000009ee00000| Untracked 
| 495|0x000000009ef00000, 0x000000009ef00000, 0x000000009f000000|  0%| F|  |TAMS 0x000000009ef00000, 0x000000009ef00000| Untracked 
| 496|0x000000009f000000, 0x000000009f000000, 0x000000009f100000|  0%| F|  |TAMS 0x000000009f000000, 0x000000009f000000| Untracked 
| 497|0x000000009f100000, 0x000000009f100000, 0x000000009f200000|  0%| F|  |TAMS 0x000000009f100000, 0x000000009f100000| Untracked 
| 498|0x000000009f200000, 0x000000009f200000, 0x000000009f300000|  0%| F|  |TAMS 0x000000009f200000, 0x000000009f200000| Untracked 
| 499|0x000000009f300000, 0x000000009f300000, 0x000000009f400000|  0%| F|  |TAMS 0x000000009f300000, 0x000000009f300000| Untracked 
| 500|0x000000009f400000, 0x000000009f400000, 0x000000009f500000|  0%| F|  |TAMS 0x000000009f400000, 0x000000009f400000| Untracked 
| 501|0x000000009f500000, 0x000000009f500000, 0x000000009f600000|  0%| F|  |TAMS 0x000000009f500000, 0x000000009f500000| Untracked 
| 502|0x000000009f600000, 0x000000009f600000, 0x000000009f700000|  0%| F|  |TAMS 0x000000009f600000, 0x000000009f600000| Untracked 
| 503|0x000000009f700000, 0x000000009f700000, 0x000000009f800000|  0%| F|  |TAMS 0x000000009f700000, 0x000000009f700000| Untracked 
| 504|0x000000009f800000, 0x000000009f800000, 0x000000009f900000|  0%| F|  |TAMS 0x000000009f800000, 0x000000009f800000| Untracked 
| 505|0x000000009f900000, 0x000000009f900000, 0x000000009fa00000|  0%| F|  |TAMS 0x000000009f900000, 0x000000009f900000| Untracked 
| 506|0x000000009fa00000, 0x000000009fa00000, 0x000000009fb00000|  0%| F|  |TAMS 0x000000009fa00000, 0x000000009fa00000| Untracked 
| 507|0x000000009fb00000, 0x000000009fb00000, 0x000000009fc00000|  0%| F|  |TAMS 0x000000009fb00000, 0x000000009fb00000| Untracked 
| 508|0x000000009fc00000, 0x000000009fc00000, 0x000000009fd00000|  0%| F|  |TAMS 0x000000009fc00000, 0x000000009fc00000| Untracked 
| 509|0x000000009fd00000, 0x000000009fd00000, 0x000000009fe00000|  0%| F|  |TAMS 0x000000009fd00000, 0x000000009fd00000| Untracked 
| 510|0x000000009fe00000, 0x000000009fe00000, 0x000000009ff00000|  0%| F|  |TAMS 0x000000009fe00000, 0x000000009fe00000| Untracked 
| 511|0x000000009ff00000, 0x000000009ff00000, 0x00000000a0000000|  0%| F|  |TAMS 0x000000009ff00000, 0x000000009ff00000| Untracked 
| 512|0x00000000a0000000, 0x00000000a0000000, 0x00000000a0100000|  0%| F|  |TAMS 0x00000000a0000000, 0x00000000a0000000| Untracked 
| 513|0x00000000a0100000, 0x00000000a0100000, 0x00000000a0200000|  0%| F|  |TAMS 0x00000000a0100000, 0x00000000a0100000| Untracked 
| 514|0x00000000a0200000, 0x00000000a0200000, 0x00000000a0300000|  0%| F|  |TAMS 0x00000000a0200000, 0x00000000a0200000| Untracked 
| 515|0x00000000a0300000, 0x00000000a0300000, 0x00000000a0400000|  0%| F|  |TAMS 0x00000000a0300000, 0x00000000a0300000| Untracked 
| 516|0x00000000a0400000, 0x00000000a0400000, 0x00000000a0500000|  0%| F|  |TAMS 0x00000000a0400000, 0x00000000a0400000| Untracked 
| 517|0x00000000a0500000, 0x00000000a0500000, 0x00000000a0600000|  0%| F|  |TAMS 0x00000000a0500000, 0x00000000a0500000| Untracked 
| 518|0x00000000a0600000, 0x00000000a0600000, 0x00000000a0700000|  0%| F|  |TAMS 0x00000000a0600000, 0x00000000a0600000| Untracked 
| 519|0x00000000a0700000, 0x00000000a0700000, 0x00000000a0800000|  0%| F|  |TAMS 0x00000000a0700000, 0x00000000a0700000| Untracked 
| 520|0x00000000a0800000, 0x00000000a0800000, 0x00000000a0900000|  0%| F|  |TAMS 0x00000000a0800000, 0x00000000a0800000| Untracked 
| 521|0x00000000a0900000, 0x00000000a0900000, 0x00000000a0a00000|  0%| F|  |TAMS 0x00000000a0900000, 0x00000000a0900000| Untracked 
| 522|0x00000000a0a00000, 0x00000000a0a00000, 0x00000000a0b00000|  0%| F|  |TAMS 0x00000000a0a00000, 0x00000000a0a00000| Untracked 
| 523|0x00000000a0b00000, 0x00000000a0b00000, 0x00000000a0c00000|  0%| F|  |TAMS 0x00000000a0b00000, 0x00000000a0b00000| Untracked 
| 524|0x00000000a0c00000, 0x00000000a0c00000, 0x00000000a0d00000|  0%| F|  |TAMS 0x00000000a0c00000, 0x00000000a0c00000| Untracked 
| 525|0x00000000a0d00000, 0x00000000a0d00000, 0x00000000a0e00000|  0%| F|  |TAMS 0x00000000a0d00000, 0x00000000a0d00000| Untracked 
| 526|0x00000000a0e00000, 0x00000000a0e00000, 0x00000000a0f00000|  0%| F|  |TAMS 0x00000000a0e00000, 0x00000000a0e00000| Untracked 
| 527|0x00000000a0f00000, 0x00000000a0f00000, 0x00000000a1000000|  0%| F|  |TAMS 0x00000000a0f00000, 0x00000000a0f00000| Untracked 
| 528|0x00000000a1000000, 0x00000000a1000000, 0x00000000a1100000|  0%| F|  |TAMS 0x00000000a1000000, 0x00000000a1000000| Untracked 
| 529|0x00000000a1100000, 0x00000000a1100000, 0x00000000a1200000|  0%| F|  |TAMS 0x00000000a1100000, 0x00000000a1100000| Untracked 
| 530|0x00000000a1200000, 0x00000000a1200000, 0x00000000a1300000|  0%| F|  |TAMS 0x00000000a1200000, 0x00000000a1200000| Untracked 
| 531|0x00000000a1300000, 0x00000000a1300000, 0x00000000a1400000|  0%| F|  |TAMS 0x00000000a1300000, 0x00000000a1300000| Untracked 
| 532|0x00000000a1400000, 0x00000000a1400000, 0x00000000a1500000|  0%| F|  |TAMS 0x00000000a1400000, 0x00000000a1400000| Untracked 
| 533|0x00000000a1500000, 0x00000000a1500000, 0x00000000a1600000|  0%| F|  |TAMS 0x00000000a1500000, 0x00000000a1500000| Untracked 
| 534|0x00000000a1600000, 0x00000000a1600000, 0x00000000a1700000|  0%| F|  |TAMS 0x00000000a1600000, 0x00000000a1600000| Untracked 
| 535|0x00000000a1700000, 0x00000000a1700000, 0x00000000a1800000|  0%| F|  |TAMS 0x00000000a1700000, 0x00000000a1700000| Untracked 
| 536|0x00000000a1800000, 0x00000000a1800000, 0x00000000a1900000|  0%| F|  |TAMS 0x00000000a1800000, 0x00000000a1800000| Untracked 
| 537|0x00000000a1900000, 0x00000000a1900000, 0x00000000a1a00000|  0%| F|  |TAMS 0x00000000a1900000, 0x00000000a1900000| Untracked 
| 538|0x00000000a1a00000, 0x00000000a1a00000, 0x00000000a1b00000|  0%| F|  |TAMS 0x00000000a1a00000, 0x00000000a1a00000| Untracked 
| 539|0x00000000a1b00000, 0x00000000a1b00000, 0x00000000a1c00000|  0%| F|  |TAMS 0x00000000a1b00000, 0x00000000a1b00000| Untracked 
| 540|0x00000000a1c00000, 0x00000000a1c00000, 0x00000000a1d00000|  0%| F|  |TAMS 0x00000000a1c00000, 0x00000000a1c00000| Untracked 
| 541|0x00000000a1d00000, 0x00000000a1d00000, 0x00000000a1e00000|  0%| F|  |TAMS 0x00000000a1d00000, 0x00000000a1d00000| Untracked 
| 542|0x00000000a1e00000, 0x00000000a1e00000, 0x00000000a1f00000|  0%| F|  |TAMS 0x00000000a1e00000, 0x00000000a1e00000| Untracked 
| 543|0x00000000a1f00000, 0x00000000a1f00000, 0x00000000a2000000|  0%| F|  |TAMS 0x00000000a1f00000, 0x00000000a1f00000| Untracked 
| 544|0x00000000a2000000, 0x00000000a2000000, 0x00000000a2100000|  0%| F|  |TAMS 0x00000000a2000000, 0x00000000a2000000| Untracked 
| 545|0x00000000a2100000, 0x00000000a2100000, 0x00000000a2200000|  0%| F|  |TAMS 0x00000000a2100000, 0x00000000a2100000| Untracked 
| 546|0x00000000a2200000, 0x00000000a2200000, 0x00000000a2300000|  0%| F|  |TAMS 0x00000000a2200000, 0x00000000a2200000| Untracked 
| 547|0x00000000a2300000, 0x00000000a2300000, 0x00000000a2400000|  0%| F|  |TAMS 0x00000000a2300000, 0x00000000a2300000| Untracked 
| 548|0x00000000a2400000, 0x00000000a2400000, 0x00000000a2500000|  0%| F|  |TAMS 0x00000000a2400000, 0x00000000a2400000| Untracked 
| 549|0x00000000a2500000, 0x00000000a2500000, 0x00000000a2600000|  0%| F|  |TAMS 0x00000000a2500000, 0x00000000a2500000| Untracked 
| 550|0x00000000a2600000, 0x00000000a2600000, 0x00000000a2700000|  0%| F|  |TAMS 0x00000000a2600000, 0x00000000a2600000| Untracked 
| 551|0x00000000a2700000, 0x00000000a2700000, 0x00000000a2800000|  0%| F|  |TAMS 0x00000000a2700000, 0x00000000a2700000| Untracked 
| 552|0x00000000a2800000, 0x00000000a2800000, 0x00000000a2900000|  0%| F|  |TAMS 0x00000000a2800000, 0x00000000a2800000| Untracked 
| 553|0x00000000a2900000, 0x00000000a2900000, 0x00000000a2a00000|  0%| F|  |TAMS 0x00000000a2900000, 0x00000000a2900000| Untracked 
| 554|0x00000000a2a00000, 0x00000000a2a00000, 0x00000000a2b00000|  0%| F|  |TAMS 0x00000000a2a00000, 0x00000000a2a00000| Untracked 
| 555|0x00000000a2b00000, 0x00000000a2b00000, 0x00000000a2c00000|  0%| F|  |TAMS 0x00000000a2b00000, 0x00000000a2b00000| Untracked 
| 556|0x00000000a2c00000, 0x00000000a2c00000, 0x00000000a2d00000|  0%| F|  |TAMS 0x00000000a2c00000, 0x00000000a2c00000| Untracked 
| 557|0x00000000a2d00000, 0x00000000a2d00000, 0x00000000a2e00000|  0%| F|  |TAMS 0x00000000a2d00000, 0x00000000a2d00000| Untracked 
| 558|0x00000000a2e00000, 0x00000000a2e00000, 0x00000000a2f00000|  0%| F|  |TAMS 0x00000000a2e00000, 0x00000000a2e00000| Untracked 
| 559|0x00000000a2f00000, 0x00000000a2f00000, 0x00000000a3000000|  0%| F|  |TAMS 0x00000000a2f00000, 0x00000000a2f00000| Untracked 
| 560|0x00000000a3000000, 0x00000000a3000000, 0x00000000a3100000|  0%| F|  |TAMS 0x00000000a3000000, 0x00000000a3000000| Untracked 
| 561|0x00000000a3100000, 0x00000000a3100000, 0x00000000a3200000|  0%| F|  |TAMS 0x00000000a3100000, 0x00000000a3100000| Untracked 
| 562|0x00000000a3200000, 0x00000000a3200000, 0x00000000a3300000|  0%| F|  |TAMS 0x00000000a3200000, 0x00000000a3200000| Untracked 
| 563|0x00000000a3300000, 0x00000000a3300000, 0x00000000a3400000|  0%| F|  |TAMS 0x00000000a3300000, 0x00000000a3300000| Untracked 
| 564|0x00000000a3400000, 0x00000000a3400000, 0x00000000a3500000|  0%| F|  |TAMS 0x00000000a3400000, 0x00000000a3400000| Untracked 
| 565|0x00000000a3500000, 0x00000000a3500000, 0x00000000a3600000|  0%| F|  |TAMS 0x00000000a3500000, 0x00000000a3500000| Untracked 
| 566|0x00000000a3600000, 0x00000000a3600000, 0x00000000a3700000|  0%| F|  |TAMS 0x00000000a3600000, 0x00000000a3600000| Untracked 
| 567|0x00000000a3700000, 0x00000000a3700000, 0x00000000a3800000|  0%| F|  |TAMS 0x00000000a3700000, 0x00000000a3700000| Untracked 
| 568|0x00000000a3800000, 0x00000000a3800000, 0x00000000a3900000|  0%| F|  |TAMS 0x00000000a3800000, 0x00000000a3800000| Untracked 
| 569|0x00000000a3900000, 0x00000000a3900000, 0x00000000a3a00000|  0%| F|  |TAMS 0x00000000a3900000, 0x00000000a3900000| Untracked 
| 570|0x00000000a3a00000, 0x00000000a3a00000, 0x00000000a3b00000|  0%| F|  |TAMS 0x00000000a3a00000, 0x00000000a3a00000| Untracked 
| 571|0x00000000a3b00000, 0x00000000a3b00000, 0x00000000a3c00000|  0%| F|  |TAMS 0x00000000a3b00000, 0x00000000a3b00000| Untracked 
| 572|0x00000000a3c00000, 0x00000000a3c00000, 0x00000000a3d00000|  0%| F|  |TAMS 0x00000000a3c00000, 0x00000000a3c00000| Untracked 
| 573|0x00000000a3d00000, 0x00000000a3d00000, 0x00000000a3e00000|  0%| F|  |TAMS 0x00000000a3d00000, 0x00000000a3d00000| Untracked 
| 574|0x00000000a3e00000, 0x00000000a3e00000, 0x00000000a3f00000|  0%| F|  |TAMS 0x00000000a3e00000, 0x00000000a3e00000| Untracked 
| 575|0x00000000a3f00000, 0x00000000a3f00000, 0x00000000a4000000|  0%| F|  |TAMS 0x00000000a3f00000, 0x00000000a3f00000| Untracked 
| 576|0x00000000a4000000, 0x00000000a4000000, 0x00000000a4100000|  0%| F|  |TAMS 0x00000000a4000000, 0x00000000a4000000| Untracked 
| 577|0x00000000a4100000, 0x00000000a4100000, 0x00000000a4200000|  0%| F|  |TAMS 0x00000000a4100000, 0x00000000a4100000| Untracked 
| 578|0x00000000a4200000, 0x00000000a4200000, 0x00000000a4300000|  0%| F|  |TAMS 0x00000000a4200000, 0x00000000a4200000| Untracked 
| 579|0x00000000a4300000, 0x00000000a4300000, 0x00000000a4400000|  0%| F|  |TAMS 0x00000000a4300000, 0x00000000a4300000| Untracked 
| 580|0x00000000a4400000, 0x00000000a4400000, 0x00000000a4500000|  0%| F|  |TAMS 0x00000000a4400000, 0x00000000a4400000| Untracked 
| 581|0x00000000a4500000, 0x00000000a4500000, 0x00000000a4600000|  0%| F|  |TAMS 0x00000000a4500000, 0x00000000a4500000| Untracked 
| 582|0x00000000a4600000, 0x00000000a4600000, 0x00000000a4700000|  0%| F|  |TAMS 0x00000000a4600000, 0x00000000a4600000| Untracked 
| 583|0x00000000a4700000, 0x00000000a4700000, 0x00000000a4800000|  0%| F|  |TAMS 0x00000000a4700000, 0x00000000a4700000| Untracked 
| 584|0x00000000a4800000, 0x00000000a4800000, 0x00000000a4900000|  0%| F|  |TAMS 0x00000000a4800000, 0x00000000a4800000| Untracked 
| 585|0x00000000a4900000, 0x00000000a4900000, 0x00000000a4a00000|  0%| F|  |TAMS 0x00000000a4900000, 0x00000000a4900000| Untracked 
| 586|0x00000000a4a00000, 0x00000000a4a00000, 0x00000000a4b00000|  0%| F|  |TAMS 0x00000000a4a00000, 0x00000000a4a00000| Untracked 
| 587|0x00000000a4b00000, 0x00000000a4b00000, 0x00000000a4c00000|  0%| F|  |TAMS 0x00000000a4b00000, 0x00000000a4b00000| Untracked 
| 588|0x00000000a4c00000, 0x00000000a4c00000, 0x00000000a4d00000|  0%| F|  |TAMS 0x00000000a4c00000, 0x00000000a4c00000| Untracked 
| 589|0x00000000a4d00000, 0x00000000a4d00000, 0x00000000a4e00000|  0%| F|  |TAMS 0x00000000a4d00000, 0x00000000a4d00000| Untracked 
| 590|0x00000000a4e00000, 0x00000000a4e00000, 0x00000000a4f00000|  0%| F|  |TAMS 0x00000000a4e00000, 0x00000000a4e00000| Untracked 
| 591|0x00000000a4f00000, 0x00000000a4f00000, 0x00000000a5000000|  0%| F|  |TAMS 0x00000000a4f00000, 0x00000000a4f00000| Untracked 
| 592|0x00000000a5000000, 0x00000000a5000000, 0x00000000a5100000|  0%| F|  |TAMS 0x00000000a5000000, 0x00000000a5000000| Untracked 
| 593|0x00000000a5100000, 0x00000000a5100000, 0x00000000a5200000|  0%| F|  |TAMS 0x00000000a5100000, 0x00000000a5100000| Untracked 
| 594|0x00000000a5200000, 0x00000000a5200000, 0x00000000a5300000|  0%| F|  |TAMS 0x00000000a5200000, 0x00000000a5200000| Untracked 
| 595|0x00000000a5300000, 0x00000000a5300000, 0x00000000a5400000|  0%| F|  |TAMS 0x00000000a5300000, 0x00000000a5300000| Untracked 
| 596|0x00000000a5400000, 0x00000000a5400000, 0x00000000a5500000|  0%| F|  |TAMS 0x00000000a5400000, 0x00000000a5400000| Untracked 
| 597|0x00000000a5500000, 0x00000000a5500000, 0x00000000a5600000|  0%| F|  |TAMS 0x00000000a5500000, 0x00000000a5500000| Untracked 
| 598|0x00000000a5600000, 0x00000000a5600000, 0x00000000a5700000|  0%| F|  |TAMS 0x00000000a5600000, 0x00000000a5600000| Untracked 
| 599|0x00000000a5700000, 0x00000000a5700000, 0x00000000a5800000|  0%| F|  |TAMS 0x00000000a5700000, 0x00000000a5700000| Untracked 
| 600|0x00000000a5800000, 0x00000000a5800000, 0x00000000a5900000|  0%| F|  |TAMS 0x00000000a5800000, 0x00000000a5800000| Untracked 
| 601|0x00000000a5900000, 0x00000000a5900000, 0x00000000a5a00000|  0%| F|  |TAMS 0x00000000a5900000, 0x00000000a5900000| Untracked 
| 602|0x00000000a5a00000, 0x00000000a5a00000, 0x00000000a5b00000|  0%| F|  |TAMS 0x00000000a5a00000, 0x00000000a5a00000| Untracked 
| 603|0x00000000a5b00000, 0x00000000a5b00000, 0x00000000a5c00000|  0%| F|  |TAMS 0x00000000a5b00000, 0x00000000a5b00000| Untracked 
| 604|0x00000000a5c00000, 0x00000000a5c00000, 0x00000000a5d00000|  0%| F|  |TAMS 0x00000000a5c00000, 0x00000000a5c00000| Untracked 
| 605|0x00000000a5d00000, 0x00000000a5d00000, 0x00000000a5e00000|  0%| F|  |TAMS 0x00000000a5d00000, 0x00000000a5d00000| Untracked 
| 606|0x00000000a5e00000, 0x00000000a5e00000, 0x00000000a5f00000|  0%| F|  |TAMS 0x00000000a5e00000, 0x00000000a5e00000| Untracked 
| 607|0x00000000a5f00000, 0x00000000a5f00000, 0x00000000a6000000|  0%| F|  |TAMS 0x00000000a5f00000, 0x00000000a5f00000| Untracked 
| 608|0x00000000a6000000, 0x00000000a6000000, 0x00000000a6100000|  0%| F|  |TAMS 0x00000000a6000000, 0x00000000a6000000| Untracked 
| 609|0x00000000a6100000, 0x00000000a6100000, 0x00000000a6200000|  0%| F|  |TAMS 0x00000000a6100000, 0x00000000a6100000| Untracked 
| 610|0x00000000a6200000, 0x00000000a6200000, 0x00000000a6300000|  0%| F|  |TAMS 0x00000000a6200000, 0x00000000a6200000| Untracked 
| 611|0x00000000a6300000, 0x00000000a6300000, 0x00000000a6400000|  0%| F|  |TAMS 0x00000000a6300000, 0x00000000a6300000| Untracked 
| 612|0x00000000a6400000, 0x00000000a6400000, 0x00000000a6500000|  0%| F|  |TAMS 0x00000000a6400000, 0x00000000a6400000| Untracked 
| 613|0x00000000a6500000, 0x00000000a6500000, 0x00000000a6600000|  0%| F|  |TAMS 0x00000000a6500000, 0x00000000a6500000| Untracked 
| 614|0x00000000a6600000, 0x00000000a6600000, 0x00000000a6700000|  0%| F|  |TAMS 0x00000000a6600000, 0x00000000a6600000| Untracked 
| 615|0x00000000a6700000, 0x00000000a6700000, 0x00000000a6800000|  0%| F|  |TAMS 0x00000000a6700000, 0x00000000a6700000| Untracked 
| 616|0x00000000a6800000, 0x00000000a6800000, 0x00000000a6900000|  0%| F|  |TAMS 0x00000000a6800000, 0x00000000a6800000| Untracked 
| 617|0x00000000a6900000, 0x00000000a6900000, 0x00000000a6a00000|  0%| F|  |TAMS 0x00000000a6900000, 0x00000000a6900000| Untracked 
| 618|0x00000000a6a00000, 0x00000000a6a00000, 0x00000000a6b00000|  0%| F|  |TAMS 0x00000000a6a00000, 0x00000000a6a00000| Untracked 
| 619|0x00000000a6b00000, 0x00000000a6b00000, 0x00000000a6c00000|  0%| F|  |TAMS 0x00000000a6b00000, 0x00000000a6b00000| Untracked 
| 620|0x00000000a6c00000, 0x00000000a6c00000, 0x00000000a6d00000|  0%| F|  |TAMS 0x00000000a6c00000, 0x00000000a6c00000| Untracked 
| 621|0x00000000a6d00000, 0x00000000a6d00000, 0x00000000a6e00000|  0%| F|  |TAMS 0x00000000a6d00000, 0x00000000a6d00000| Untracked 
| 622|0x00000000a6e00000, 0x00000000a6e00000, 0x00000000a6f00000|  0%| F|  |TAMS 0x00000000a6e00000, 0x00000000a6e00000| Untracked 
| 623|0x00000000a6f00000, 0x00000000a6f00000, 0x00000000a7000000|  0%| F|  |TAMS 0x00000000a6f00000, 0x00000000a6f00000| Untracked 
| 624|0x00000000a7000000, 0x00000000a7000000, 0x00000000a7100000|  0%| F|  |TAMS 0x00000000a7000000, 0x00000000a7000000| Untracked 
| 625|0x00000000a7100000, 0x00000000a7100000, 0x00000000a7200000|  0%| F|  |TAMS 0x00000000a7100000, 0x00000000a7100000| Untracked 
| 626|0x00000000a7200000, 0x00000000a7200000, 0x00000000a7300000|  0%| F|  |TAMS 0x00000000a7200000, 0x00000000a7200000| Untracked 
| 627|0x00000000a7300000, 0x00000000a7300000, 0x00000000a7400000|  0%| F|  |TAMS 0x00000000a7300000, 0x00000000a7300000| Untracked 
| 628|0x00000000a7400000, 0x00000000a7400000, 0x00000000a7500000|  0%| F|  |TAMS 0x00000000a7400000, 0x00000000a7400000| Untracked 
| 629|0x00000000a7500000, 0x00000000a7500000, 0x00000000a7600000|  0%| F|  |TAMS 0x00000000a7500000, 0x00000000a7500000| Untracked 
| 630|0x00000000a7600000, 0x00000000a7600000, 0x00000000a7700000|  0%| F|  |TAMS 0x00000000a7600000, 0x00000000a7600000| Untracked 
| 631|0x00000000a7700000, 0x00000000a7700000, 0x00000000a7800000|  0%| F|  |TAMS 0x00000000a7700000, 0x00000000a7700000| Untracked 
| 632|0x00000000a7800000, 0x00000000a7800000, 0x00000000a7900000|  0%| F|  |TAMS 0x00000000a7800000, 0x00000000a7800000| Untracked 
| 633|0x00000000a7900000, 0x00000000a7900000, 0x00000000a7a00000|  0%| F|  |TAMS 0x00000000a7900000, 0x00000000a7900000| Untracked 
| 634|0x00000000a7a00000, 0x00000000a7a3a930, 0x00000000a7b00000| 22%| S|CS|TAMS 0x00000000a7a00000, 0x00000000a7a00000| Complete 
| 635|0x00000000a7b00000, 0x00000000a7c00000, 0x00000000a7c00000|100%| S|CS|TAMS 0x00000000a7b00000, 0x00000000a7b00000| Complete 
| 636|0x00000000a7c00000, 0x00000000a7d00000, 0x00000000a7d00000|100%| S|CS|TAMS 0x00000000a7c00000, 0x00000000a7c00000| Complete 
| 637|0x00000000a7d00000, 0x00000000a7e00000, 0x00000000a7e00000|100%| S|CS|TAMS 0x00000000a7d00000, 0x00000000a7d00000| Complete 
| 638|0x00000000a7e00000, 0x00000000a7f00000, 0x00000000a7f00000|100%| S|CS|TAMS 0x00000000a7e00000, 0x00000000a7e00000| Complete 
| 639|0x00000000a7f00000, 0x00000000a8000000, 0x00000000a8000000|100%| S|CS|TAMS 0x00000000a7f00000, 0x00000000a7f00000| Complete 
| 640|0x00000000a8000000, 0x00000000a8100000, 0x00000000a8100000|100%| S|CS|TAMS 0x00000000a8000000, 0x00000000a8000000| Complete 
| 641|0x00000000a8100000, 0x00000000a8200000, 0x00000000a8200000|100%| S|CS|TAMS 0x00000000a8100000, 0x00000000a8100000| Complete 
| 642|0x00000000a8200000, 0x00000000a8200000, 0x00000000a8300000|  0%| F|  |TAMS 0x00000000a8200000, 0x00000000a8200000| Untracked 
| 643|0x00000000a8300000, 0x00000000a8300000, 0x00000000a8400000|  0%| F|  |TAMS 0x00000000a8300000, 0x00000000a8300000| Untracked 
| 644|0x00000000a8400000, 0x00000000a8400000, 0x00000000a8500000|  0%| F|  |TAMS 0x00000000a8400000, 0x00000000a8400000| Untracked 
| 645|0x00000000a8500000, 0x00000000a8500000, 0x00000000a8600000|  0%| F|  |TAMS 0x00000000a8500000, 0x00000000a8500000| Untracked 
| 646|0x00000000a8600000, 0x00000000a8600000, 0x00000000a8700000|  0%| F|  |TAMS 0x00000000a8600000, 0x00000000a8600000| Untracked 
| 647|0x00000000a8700000, 0x00000000a8700000, 0x00000000a8800000|  0%| F|  |TAMS 0x00000000a8700000, 0x00000000a8700000| Untracked 
| 648|0x00000000a8800000, 0x00000000a8800000, 0x00000000a8900000|  0%| F|  |TAMS 0x00000000a8800000, 0x00000000a8800000| Untracked 
| 649|0x00000000a8900000, 0x00000000a8900000, 0x00000000a8a00000|  0%| F|  |TAMS 0x00000000a8900000, 0x00000000a8900000| Untracked 
| 650|0x00000000a8a00000, 0x00000000a8a00000, 0x00000000a8b00000|  0%| F|  |TAMS 0x00000000a8a00000, 0x00000000a8a00000| Untracked 
| 651|0x00000000a8b00000, 0x00000000a8b00000, 0x00000000a8c00000|  0%| F|  |TAMS 0x00000000a8b00000, 0x00000000a8b00000| Untracked 
| 652|0x00000000a8c00000, 0x00000000a8c00000, 0x00000000a8d00000|  0%| F|  |TAMS 0x00000000a8c00000, 0x00000000a8c00000| Untracked 
| 653|0x00000000a8d00000, 0x00000000a8d00000, 0x00000000a8e00000|  0%| F|  |TAMS 0x00000000a8d00000, 0x00000000a8d00000| Untracked 
| 654|0x00000000a8e00000, 0x00000000a8e00000, 0x00000000a8f00000|  0%| F|  |TAMS 0x00000000a8e00000, 0x00000000a8e00000| Untracked 
| 655|0x00000000a8f00000, 0x00000000a8f00000, 0x00000000a9000000|  0%| F|  |TAMS 0x00000000a8f00000, 0x00000000a8f00000| Untracked 
| 656|0x00000000a9000000, 0x00000000a9000000, 0x00000000a9100000|  0%| F|  |TAMS 0x00000000a9000000, 0x00000000a9000000| Untracked 
| 657|0x00000000a9100000, 0x00000000a9100000, 0x00000000a9200000|  0%| F|  |TAMS 0x00000000a9100000, 0x00000000a9100000| Untracked 
| 658|0x00000000a9200000, 0x00000000a9200000, 0x00000000a9300000|  0%| F|  |TAMS 0x00000000a9200000, 0x00000000a9200000| Untracked 
| 659|0x00000000a9300000, 0x00000000a9300000, 0x00000000a9400000|  0%| F|  |TAMS 0x00000000a9300000, 0x00000000a9300000| Untracked 
| 660|0x00000000a9400000, 0x00000000a9400000, 0x00000000a9500000|  0%| F|  |TAMS 0x00000000a9400000, 0x00000000a9400000| Untracked 
| 661|0x00000000a9500000, 0x00000000a9500000, 0x00000000a9600000|  0%| F|  |TAMS 0x00000000a9500000, 0x00000000a9500000| Untracked 
| 662|0x00000000a9600000, 0x00000000a9600000, 0x00000000a9700000|  0%| F|  |TAMS 0x00000000a9600000, 0x00000000a9600000| Untracked 
| 663|0x00000000a9700000, 0x00000000a9700000, 0x00000000a9800000|  0%| F|  |TAMS 0x00000000a9700000, 0x00000000a9700000| Untracked 
| 664|0x00000000a9800000, 0x00000000a9800000, 0x00000000a9900000|  0%| F|  |TAMS 0x00000000a9800000, 0x00000000a9800000| Untracked 
| 665|0x00000000a9900000, 0x00000000a9900000, 0x00000000a9a00000|  0%| F|  |TAMS 0x00000000a9900000, 0x00000000a9900000| Untracked 
| 666|0x00000000a9a00000, 0x00000000a9a00000, 0x00000000a9b00000|  0%| F|  |TAMS 0x00000000a9a00000, 0x00000000a9a00000| Untracked 
| 667|0x00000000a9b00000, 0x00000000a9b00000, 0x00000000a9c00000|  0%| F|  |TAMS 0x00000000a9b00000, 0x00000000a9b00000| Untracked 
| 668|0x00000000a9c00000, 0x00000000a9c00000, 0x00000000a9d00000|  0%| F|  |TAMS 0x00000000a9c00000, 0x00000000a9c00000| Untracked 
| 669|0x00000000a9d00000, 0x00000000a9d00000, 0x00000000a9e00000|  0%| F|  |TAMS 0x00000000a9d00000, 0x00000000a9d00000| Untracked 
| 670|0x00000000a9e00000, 0x00000000a9e00000, 0x00000000a9f00000|  0%| F|  |TAMS 0x00000000a9e00000, 0x00000000a9e00000| Untracked 
| 671|0x00000000a9f00000, 0x00000000a9f00000, 0x00000000aa000000|  0%| F|  |TAMS 0x00000000a9f00000, 0x00000000a9f00000| Untracked 
| 672|0x00000000aa000000, 0x00000000aa000000, 0x00000000aa100000|  0%| F|  |TAMS 0x00000000aa000000, 0x00000000aa000000| Untracked 
| 673|0x00000000aa100000, 0x00000000aa100000, 0x00000000aa200000|  0%| F|  |TAMS 0x00000000aa100000, 0x00000000aa100000| Untracked 
| 674|0x00000000aa200000, 0x00000000aa200000, 0x00000000aa300000|  0%| F|  |TAMS 0x00000000aa200000, 0x00000000aa200000| Untracked 
| 675|0x00000000aa300000, 0x00000000aa300000, 0x00000000aa400000|  0%| F|  |TAMS 0x00000000aa300000, 0x00000000aa300000| Untracked 
| 676|0x00000000aa400000, 0x00000000aa400000, 0x00000000aa500000|  0%| F|  |TAMS 0x00000000aa400000, 0x00000000aa400000| Untracked 
| 677|0x00000000aa500000, 0x00000000aa500000, 0x00000000aa600000|  0%| F|  |TAMS 0x00000000aa500000, 0x00000000aa500000| Untracked 
| 678|0x00000000aa600000, 0x00000000aa600000, 0x00000000aa700000|  0%| F|  |TAMS 0x00000000aa600000, 0x00000000aa600000| Untracked 
| 679|0x00000000aa700000, 0x00000000aa700000, 0x00000000aa800000|  0%| F|  |TAMS 0x00000000aa700000, 0x00000000aa700000| Untracked 
| 680|0x00000000aa800000, 0x00000000aa800000, 0x00000000aa900000|  0%| F|  |TAMS 0x00000000aa800000, 0x00000000aa800000| Untracked 
| 681|0x00000000aa900000, 0x00000000aa900000, 0x00000000aaa00000|  0%| F|  |TAMS 0x00000000aa900000, 0x00000000aa900000| Untracked 
| 682|0x00000000aaa00000, 0x00000000aaa00000, 0x00000000aab00000|  0%| F|  |TAMS 0x00000000aaa00000, 0x00000000aaa00000| Untracked 
| 683|0x00000000aab00000, 0x00000000aab00000, 0x00000000aac00000|  0%| F|  |TAMS 0x00000000aab00000, 0x00000000aab00000| Untracked 
| 684|0x00000000aac00000, 0x00000000aac00000, 0x00000000aad00000|  0%| F|  |TAMS 0x00000000aac00000, 0x00000000aac00000| Untracked 
| 685|0x00000000aad00000, 0x00000000aad00000, 0x00000000aae00000|  0%| F|  |TAMS 0x00000000aad00000, 0x00000000aad00000| Untracked 
| 686|0x00000000aae00000, 0x00000000aae00000, 0x00000000aaf00000|  0%| F|  |TAMS 0x00000000aae00000, 0x00000000aae00000| Untracked 
| 687|0x00000000aaf00000, 0x00000000aaf00000, 0x00000000ab000000|  0%| F|  |TAMS 0x00000000aaf00000, 0x00000000aaf00000| Untracked 
| 688|0x00000000ab000000, 0x00000000ab000000, 0x00000000ab100000|  0%| F|  |TAMS 0x00000000ab000000, 0x00000000ab000000| Untracked 
| 689|0x00000000ab100000, 0x00000000ab100000, 0x00000000ab200000|  0%| F|  |TAMS 0x00000000ab100000, 0x00000000ab100000| Untracked 
| 690|0x00000000ab200000, 0x00000000ab200000, 0x00000000ab300000|  0%| F|  |TAMS 0x00000000ab200000, 0x00000000ab200000| Untracked 
| 691|0x00000000ab300000, 0x00000000ab300000, 0x00000000ab400000|  0%| F|  |TAMS 0x00000000ab300000, 0x00000000ab300000| Untracked 
| 692|0x00000000ab400000, 0x00000000ab400000, 0x00000000ab500000|  0%| F|  |TAMS 0x00000000ab400000, 0x00000000ab400000| Untracked 
| 693|0x00000000ab500000, 0x00000000ab500000, 0x00000000ab600000|  0%| F|  |TAMS 0x00000000ab500000, 0x00000000ab500000| Untracked 
| 694|0x00000000ab600000, 0x00000000ab600000, 0x00000000ab700000|  0%| F|  |TAMS 0x00000000ab600000, 0x00000000ab600000| Untracked 
| 695|0x00000000ab700000, 0x00000000ab700000, 0x00000000ab800000|  0%| F|  |TAMS 0x00000000ab700000, 0x00000000ab700000| Untracked 
| 696|0x00000000ab800000, 0x00000000ab800000, 0x00000000ab900000|  0%| F|  |TAMS 0x00000000ab800000, 0x00000000ab800000| Untracked 
| 697|0x00000000ab900000, 0x00000000ab900000, 0x00000000aba00000|  0%| F|  |TAMS 0x00000000ab900000, 0x00000000ab900000| Untracked 
| 698|0x00000000aba00000, 0x00000000aba00000, 0x00000000abb00000|  0%| F|  |TAMS 0x00000000aba00000, 0x00000000aba00000| Untracked 
|1169|0x00000000c9100000, 0x00000000c9100000, 0x00000000c9200000|  0%| F|  |TAMS 0x00000000c9100000, 0x00000000c9100000| Untracked 
|1170|0x00000000c9200000, 0x00000000c9200000, 0x00000000c9300000|  0%| F|  |TAMS 0x00000000c9200000, 0x00000000c9200000| Untracked 
|1171|0x00000000c9300000, 0x00000000c9300000, 0x00000000c9400000|  0%| F|  |TAMS 0x00000000c9300000, 0x00000000c9300000| Untracked 
|1172|0x00000000c9400000, 0x00000000c9400000, 0x00000000c9500000|  0%| F|  |TAMS 0x00000000c9400000, 0x00000000c9400000| Untracked 
|1173|0x00000000c9500000, 0x00000000c9500000, 0x00000000c9600000|  0%| F|  |TAMS 0x00000000c9500000, 0x00000000c9500000| Untracked 
|1174|0x00000000c9600000, 0x00000000c9600000, 0x00000000c9700000|  0%| F|  |TAMS 0x00000000c9600000, 0x00000000c9600000| Untracked 
|1175|0x00000000c9700000, 0x00000000c9700000, 0x00000000c9800000|  0%| F|  |TAMS 0x00000000c9700000, 0x00000000c9700000| Untracked 
|1176|0x00000000c9800000, 0x00000000c9800000, 0x00000000c9900000|  0%| F|  |TAMS 0x00000000c9800000, 0x00000000c9800000| Untracked 
|1177|0x00000000c9900000, 0x00000000c9900000, 0x00000000c9a00000|  0%| F|  |TAMS 0x00000000c9900000, 0x00000000c9900000| Untracked 
|1178|0x00000000c9a00000, 0x00000000c9a00000, 0x00000000c9b00000|  0%| F|  |TAMS 0x00000000c9a00000, 0x00000000c9a00000| Untracked 
|1179|0x00000000c9b00000, 0x00000000c9b00000, 0x00000000c9c00000|  0%| F|  |TAMS 0x00000000c9b00000, 0x00000000c9b00000| Untracked 
|1180|0x00000000c9c00000, 0x00000000c9c00000, 0x00000000c9d00000|  0%| F|  |TAMS 0x00000000c9c00000, 0x00000000c9c00000| Untracked 
|1181|0x00000000c9d00000, 0x00000000c9d00000, 0x00000000c9e00000|  0%| F|  |TAMS 0x00000000c9d00000, 0x00000000c9d00000| Untracked 
|1182|0x00000000c9e00000, 0x00000000c9e67cc0, 0x00000000c9f00000| 40%| E|  |TAMS 0x00000000c9e00000, 0x00000000c9e00000| Complete 
|2028|0x00000000fec00000, 0x00000000fed00000, 0x00000000fed00000|100%| O|  |TAMS 0x00000000fed00000, 0x00000000fed00000| Untracked 
|2029|0x00000000fed00000, 0x00000000fee00000, 0x00000000fee00000|100%| O|  |TAMS 0x00000000fee00000, 0x00000000fee00000| Untracked 
|2030|0x00000000fee00000, 0x00000000fef00000, 0x00000000fef00000|100%| O|  |TAMS 0x00000000fef00000, 0x00000000fef00000| Untracked 
|2031|0x00000000fef00000, 0x00000000ff000000, 0x00000000ff000000|100%| O|  |TAMS 0x00000000ff000000, 0x00000000ff000000| Untracked 
|2032|0x00000000ff000000, 0x00000000ff100000, 0x00000000ff100000|100%| O|  |TAMS 0x00000000ff100000, 0x00000000ff100000| Untracked 
|2033|0x00000000ff100000, 0x00000000ff200000, 0x00000000ff200000|100%| O|  |TAMS 0x00000000ff200000, 0x00000000ff200000| Untracked 
|2034|0x00000000ff200000, 0x00000000ff300000, 0x00000000ff300000|100%| O|  |TAMS 0x00000000ff300000, 0x00000000ff300000| Untracked 
|2035|0x00000000ff300000, 0x00000000ff400000, 0x00000000ff400000|100%| O|  |TAMS 0x00000000ff400000, 0x00000000ff400000| Untracked 
|2036|0x00000000ff400000, 0x00000000ff500000, 0x00000000ff500000|100%| O|  |TAMS 0x00000000ff500000, 0x00000000ff500000| Untracked 
|2037|0x00000000ff500000, 0x00000000ff600000, 0x00000000ff600000|100%| O|  |TAMS 0x00000000ff600000, 0x00000000ff600000| Untracked 
|2038|0x00000000ff600000, 0x00000000ff700000, 0x00000000ff700000|100%| O|  |TAMS 0x00000000ff700000, 0x00000000ff700000| Untracked 
|2039|0x00000000ff700000, 0x00000000ff800000, 0x00000000ff800000|100%| O|  |TAMS 0x00000000ff800000, 0x00000000ff800000| Untracked 
|2040|0x00000000ff800000, 0x00000000ff900000, 0x00000000ff900000|100%| O|  |TAMS 0x00000000ff900000, 0x00000000ff900000| Untracked 
|2041|0x00000000ff900000, 0x00000000ffa00000, 0x00000000ffa00000|100%| O|  |TAMS 0x00000000ffa00000, 0x00000000ffa00000| Untracked 
|2042|0x00000000ffa00000, 0x00000000ffb00000, 0x00000000ffb00000|100%| O|  |TAMS 0x00000000ffb00000, 0x00000000ffb00000| Untracked 
|2043|0x00000000ffb00000, 0x00000000ffc00000, 0x00000000ffc00000|100%| O|  |TAMS 0x00000000ffc00000, 0x00000000ffc00000| Untracked 
|2044|0x00000000ffc00000, 0x00000000ffd00000, 0x00000000ffd00000|100%| O|  |TAMS 0x00000000ffd00000, 0x00000000ffd00000| Untracked 
|2045|0x00000000ffd00000, 0x00000000ffe00000, 0x00000000ffe00000|100%| O|  |TAMS 0x00000000ffe00000, 0x00000000ffe00000| Untracked 
|2046|0x00000000ffe00000, 0x00000000fff00000, 0x00000000fff00000|100%| O|  |TAMS 0x00000000fff00000, 0x00000000fff00000| Untracked 
|2047|0x00000000fff00000, 0x0000000100000000, 0x0000000100000000|100%| O|  |TAMS 0x0000000100000000, 0x0000000100000000| Untracked 

Card table byte_map: [0x000001f8b2840000,0x000001f8b2c40000] _byte_map_base: 0x000001f8b2440000

Marking Bits (Prev, Next): (CMBitMap*) 0x000001f89b1367c0, (CMBitMap*) 0x000001f89b136780
 Prev Bits: [0x000001f8b5040000, 0x000001f8b7040000)
 Next Bits: [0x000001f8b3040000, 0x000001f8b5040000)

Polling page: 0x000001f899040000

Metaspace:

Usage:
  Non-class:    189.83 MB used.
      Class:     28.04 MB used.
       Both:    217.87 MB used.

Virtual space:
  Non-class space:      192.00 MB reserved,     190.75 MB (>99%) committed,  3 nodes.
      Class space:        1.00 GB reserved,      29.00 MB (  3%) committed,  1 nodes.
             Both:        1.19 GB reserved,     219.75 MB ( 18%) committed. 

Chunk freelists:
   Non-Class:  1.00 MB
       Class:  2.92 MB
        Both:  3.92 MB

MaxMetaspaceSize: unlimited
CompressedClassSpaceSize: 1.00 GB
Initial GC threshold: 21.00 MB
Current GC threshold: 348.44 MB
CDS: on
MetaspaceReclaimPolicy: balanced
 - commit_granule_bytes: 65536.
 - commit_granule_words: 8192.
 - virtual_space_node_default_size: 8388608.
 - enlarge_chunks_in_place: 1.
 - new_chunks_are_fully_committed: 0.
 - uncommit_free_chunks: 1.
 - use_allocation_guard: 0.
 - handle_deallocations: 1.


Internal statistics:

num_allocs_failed_limit: 9.
num_arena_births: 3466.
num_arena_deaths: 86.
num_vsnodes_births: 4.
num_vsnodes_deaths: 0.
num_space_committed: 3513.
num_space_uncommitted: 0.
num_chunks_returned_to_freelist: 136.
num_chunks_taken_from_freelist: 13130.
num_chunk_merges: 43.
num_chunk_splits: 8804.
num_chunks_enlarged: 5942.
num_inconsistent_stats: 0.

CodeHeap 'non-profiled nmethods': size=119168Kb used=29337Kb max_used=29616Kb free=89830Kb
 bounds [0x000001f8aa540000, 0x000001f8ac250000, 0x000001f8b19a0000]
CodeHeap 'profiled nmethods': size=119104Kb used=71406Kb max_used=71504Kb free=47697Kb
 bounds [0x000001f8a29a0000, 0x000001f8a6f80000, 0x000001f8a9df0000]
CodeHeap 'non-nmethods': size=7488Kb used=3763Kb max_used=3865Kb free=3724Kb
 bounds [0x000001f8a9df0000, 0x000001f8aa1e0000, 0x000001f8aa540000]
 total_blobs=33663 nmethods=32429 adapters=1138
 compilation: enabled
              stopped_count=0, restarted_count=0
 full_count=0

Compilation events (20 events):
Event: 1633.152 Thread 0x000001f908aeec70 nmethod 40221 0x000001f8a47fd990 code [0x000001f8a47fdba0, 0x000001f8a47fe1c8]
Event: 1633.152 Thread 0x000001f8ba441cd0 nmethod 40220 0x000001f8a4c1eb90 code [0x000001f8a4c1ee60, 0x000001f8a4c1f9d8]
Event: 1633.152 Thread 0x000001f908aebca0 nmethod 40216 0x000001f8abeaad10 code [0x000001f8abeaaec0, 0x000001f8abeab218]
Event: 1633.152 Thread 0x000001f908aebca0 40218   !   4       com.android.tools.build.apkzlib.zip.CentralDirectoryHeader::getCompressionInfoWithWait (50 bytes)
Event: 1633.153 Thread 0x000001f908aebca0 nmethod 40218 0x000001f8ab226a90 code [0x000001f8ab226c40, 0x000001f8ab226d88]
Event: 1633.153 Thread 0x000001f908aebca0 40187       4       com.android.build.gradle.internal.matcher.FileExtensionWithPrefixPathMatcher::matches (88 bytes)
Event: 1633.153 Thread 0x000001f908ae9770 nmethod 40181 0x000001f8ab225810 code [0x000001f8ab2259c0, 0x000001f8ab2265d8]
Event: 1633.154 Thread 0x000001f908ae9770 40188       4       java.util.regex.Pattern$Begin::match (62 bytes)
Event: 1633.154 Thread 0x000001f908aecc90 nmethod 40183 0x000001f8abfe8810 code [0x000001f8abfe89c0, 0x000001f8abfe95d8]
Event: 1633.154 Thread 0x000001f908aecc90 40189       4       com.android.build.gradle.internal.matcher.FolderInHierarchyPathMatcher::matches (173 bytes)
Event: 1633.154 Thread 0x000001f908ae9770 nmethod 40188 0x000001f8ab225410 code [0x000001f8ab2255a0, 0x000001f8ab2256d8]
Event: 1633.154 Thread 0x000001f908ae9770 40190       4       sun.nio.fs.WindowsFileSystem$2::matches (17 bytes)
Event: 1633.157 Thread 0x000001f908aecc90 nmethod 40189 0x000001f8abfe7a90 code [0x000001f8abfe7c40, 0x000001f8abfe83c8]
Event: 1633.157 Thread 0x000001f908aecc90 40209       4       com.google.common.collect.RegularImmutableMap::get (13 bytes)
Event: 1633.159 Thread 0x000001f908aecc90 nmethod 40209 0x000001f8ab224c90 code [0x000001f8ab224e20, 0x000001f8ab225038]
Event: 1633.161 Thread 0x000001f908aecc90 40223       4       com.google.common.cache.LocalCache$Segment::enqueueNotification (67 bytes)
Event: 1633.163 Thread 0x000001f8ba4412d0 nmethod 40186 0x000001f8ab618690 code [0x000001f8ab618880, 0x000001f8ab619a88]
Event: 1633.167 Thread 0x000001f908ae9770 nmethod 40190 0x000001f8ab9c7390 code [0x000001f8ab9c7560, 0x000001f8ab9c8098]
Event: 1633.168 Thread 0x000001f908aecc90 nmethod 40223 0x000001f8abfe7090 code [0x000001f8abfe7240, 0x000001f8abfe7758]
Event: 1633.170 Thread 0x000001f908aebca0 nmethod 40187 0x000001f8ab9c5c90 code [0x000001f8ab9c5e60, 0x000001f8ab9c6b38]

GC Heap History (20 events):
Event: 1625.394 GC heap before
{Heap before GC invocations=67 (full 0):
 garbage-first heap   total 621568K, used 439369K [0x0000000080000000, 0x0000000100000000)
  region size 1024K, 238 young (243712K), 3 survivors (3072K)
 Metaspace       used 210402K, committed 212160K, reserved 1245184K
  class space    used 27272K, committed 28160K, reserved 1048576K
}
Event: 1625.402 GC heap after
{Heap after GC invocations=68 (full 0):
 garbage-first heap   total 1212416K, used 199059K [0x0000000080000000, 0x0000000100000000)
  region size 1024K, 3 young (3072K), 3 survivors (3072K)
 Metaspace       used 210402K, committed 212160K, reserved 1245184K
  class space    used 27272K, committed 28160K, reserved 1048576K
}
Event: 1626.516 GC heap before
{Heap before GC invocations=69 (full 0):
 garbage-first heap   total 757760K, used 650643K [0x0000000080000000, 0x0000000100000000)
  region size 1024K, 444 young (454656K), 3 survivors (3072K)
 Metaspace       used 210551K, committed 212352K, reserved 1245184K
  class space    used 27279K, committed 28160K, reserved 1048576K
}
Event: 1626.520 GC heap after
{Heap after GC invocations=70 (full 0):
 garbage-first heap   total 757760K, used 200891K [0x0000000080000000, 0x0000000100000000)
  region size 1024K, 5 young (5120K), 5 survivors (5120K)
 Metaspace       used 210551K, committed 212352K, reserved 1245184K
  class space    used 27279K, committed 28160K, reserved 1048576K
}
Event: 1626.609 GC heap before
{Heap before GC invocations=70 (full 0):
 garbage-first heap   total 757760K, used 233659K [0x0000000080000000, 0x0000000100000000)
  region size 1024K, 37 young (37888K), 5 survivors (5120K)
 Metaspace       used 210556K, committed 212352K, reserved 1245184K
  class space    used 27279K, committed 28160K, reserved 1048576K
}
Event: 1626.614 GC heap after
{Heap after GC invocations=71 (full 0):
 garbage-first heap   total 757760K, used 194280K [0x0000000080000000, 0x0000000100000000)
  region size 1024K, 1 young (1024K), 1 survivors (1024K)
 Metaspace       used 210556K, committed 212352K, reserved 1245184K
  class space    used 27279K, committed 28160K, reserved 1048576K
}
Event: 1627.483 GC heap before
{Heap before GC invocations=71 (full 0):
 garbage-first heap   total 757760K, used 600808K [0x0000000080000000, 0x0000000100000000)
  region size 1024K, 398 young (407552K), 1 survivors (1024K)
 Metaspace       used 210700K, committed 212544K, reserved 1245184K
  class space    used 27283K, committed 28160K, reserved 1048576K
}
Event: 1627.488 GC heap after
{Heap after GC invocations=72 (full 0):
 garbage-first heap   total 757760K, used 197930K [0x0000000080000000, 0x0000000100000000)
  region size 1024K, 5 young (5120K), 5 survivors (5120K)
 Metaspace       used 210700K, committed 212544K, reserved 1245184K
  class space    used 27283K, committed 28160K, reserved 1048576K
}
Event: 1628.944 GC heap before
{Heap before GC invocations=73 (full 0):
 garbage-first heap   total 713728K, used 674090K [0x0000000080000000, 0x0000000100000000)
  region size 1024K, 404 young (413696K), 5 survivors (5120K)
 Metaspace       used 212174K, committed 214080K, reserved 1245184K
  class space    used 27416K, committed 28352K, reserved 1048576K
}
Event: 1628.973 GC heap after
{Heap after GC invocations=74 (full 0):
 garbage-first heap   total 750592K, used 300536K [0x0000000080000000, 0x0000000100000000)
  region size 1024K, 52 young (53248K), 52 survivors (53248K)
 Metaspace       used 212174K, committed 214080K, reserved 1245184K
  class space    used 27416K, committed 28352K, reserved 1048576K
}
Event: 1628.980 GC heap before
{Heap before GC invocations=74 (full 0):
 garbage-first heap   total 750592K, used 301560K [0x0000000080000000, 0x0000000100000000)
  region size 1024K, 53 young (54272K), 52 survivors (53248K)
 Metaspace       used 212174K, committed 214080K, reserved 1245184K
  class space    used 27416K, committed 28352K, reserved 1048576K
}
Event: 1629.000 GC heap after
{Heap after GC invocations=75 (full 0):
 garbage-first heap   total 750592K, used 291834K [0x0000000080000000, 0x0000000100000000)
  region size 1024K, 2 young (2048K), 2 survivors (2048K)
 Metaspace       used 212174K, committed 214080K, reserved 1245184K
  class space    used 27416K, committed 28352K, reserved 1048576K
}
Event: 1629.110 GC heap before
{Heap before GC invocations=75 (full 0):
 garbage-first heap   total 750592K, used 329722K [0x0000000080000000, 0x0000000100000000)
  region size 1024K, 40 young (40960K), 2 survivors (2048K)
 Metaspace       used 212174K, committed 214080K, reserved 1245184K
  class space    used 27416K, committed 28352K, reserved 1048576K
}
Event: 1629.113 GC heap after
{Heap after GC invocations=76 (full 0):
 garbage-first heap   total 750592K, used 293224K [0x0000000080000000, 0x0000000100000000)
  region size 1024K, 4 young (4096K), 4 survivors (4096K)
 Metaspace       used 212174K, committed 214080K, reserved 1245184K
  class space    used 27416K, committed 28352K, reserved 1048576K
}
Event: 1632.251 GC heap before
{Heap before GC invocations=77 (full 0):
 garbage-first heap   total 750592K, used 563560K [0x0000000080000000, 0x0000000100000000)
  region size 1024K, 247 young (252928K), 4 survivors (4096K)
 Metaspace       used 221892K, committed 223808K, reserved 1245184K
  class space    used 28569K, committed 29504K, reserved 1048576K
}
Event: 1632.256 GC heap after
{Heap after GC invocations=78 (full 0):
 garbage-first heap   total 750592K, used 289747K [0x0000000080000000, 0x0000000100000000)
  region size 1024K, 8 young (8192K), 8 survivors (8192K)
 Metaspace       used 221892K, committed 223808K, reserved 1245184K
  class space    used 28569K, committed 29504K, reserved 1048576K
}
Event: 1632.640 GC heap before
{Heap before GC invocations=78 (full 0):
 garbage-first heap   total 750592K, used 317395K [0x0000000080000000, 0x0000000100000000)
  region size 1024K, 36 young (36864K), 8 survivors (8192K)
 Metaspace       used 221951K, committed 223872K, reserved 1245184K
  class space    used 28571K, committed 29504K, reserved 1048576K
}
Event: 1632.645 GC heap after
{Heap after GC invocations=79 (full 0):
 garbage-first heap   total 750592K, used 276002K [0x0000000080000000, 0x0000000100000000)
  region size 1024K, 2 young (2048K), 2 survivors (2048K)
 Metaspace       used 221951K, committed 223872K, reserved 1245184K
  class space    used 28571K, committed 29504K, reserved 1048576K
}
Event: 1633.147 GC heap before
{Heap before GC invocations=79 (full 0):
 garbage-first heap   total 750592K, used 344610K [0x0000000080000000, 0x0000000100000000)
  region size 1024K, 71 young (72704K), 2 survivors (2048K)
 Metaspace       used 223090K, committed 225024K, reserved 1245184K
  class space    used 28714K, committed 29696K, reserved 1048576K
}
Event: 1633.150 GC heap after
{Heap after GC invocations=80 (full 0):
 garbage-first heap   total 750592K, used 282226K [0x0000000080000000, 0x0000000100000000)
  region size 1024K, 8 young (8192K), 8 survivors (8192K)
 Metaspace       used 223090K, committed 225024K, reserved 1245184K
  class space    used 28714K, committed 29696K, reserved 1048576K
}

Deoptimization events (20 events):
Event: 1633.134 Thread 0x000001f884f984a0 DEOPT PACKING pc=0x000001f8ac0e05e0 sp=0x000000ccafdfd9e0
Event: 1633.134 Thread 0x000001f884f984a0 DEOPT UNPACKING pc=0x000001f8a9e423a3 sp=0x000000ccafdfd9a0 mode 2
Event: 1633.134 Thread 0x000001f884f984a0 Uncommon trap: trap_request=0xffffffde fr.pc=0x000001f8aa93b1a4 relative=0x0000000000000384
Event: 1633.134 Thread 0x000001f884f984a0 Uncommon trap: reason=class_check action=maybe_recompile pc=0x000001f8aa93b1a4 method=java.util.TreeMap$KeySet.iterator()Ljava/util/Iterator; @ 4 c2
Event: 1633.134 Thread 0x000001f884f984a0 DEOPT PACKING pc=0x000001f8aa93b1a4 sp=0x000000ccafdfd970
Event: 1633.134 Thread 0x000001f884f984a0 DEOPT UNPACKING pc=0x000001f8a9e423a3 sp=0x000000ccafdfd930 mode 2
Event: 1633.134 Thread 0x000001f884f984a0 Uncommon trap: trap_request=0xffffffde fr.pc=0x000001f8ab25a214 relative=0x0000000000000074
Event: 1633.134 Thread 0x000001f884f984a0 Uncommon trap: reason=class_check action=maybe_recompile pc=0x000001f8ab25a214 method=com.android.tools.build.apkzlib.zip.CentralDirectoryHeader.getCompressionInfoWithWait()Lcom/android/tools/build/apkzlib/zip/CentralDirectoryHeaderCompressInfo; @ 4 c2
Event: 1633.134 Thread 0x000001f884f984a0 DEOPT PACKING pc=0x000001f8ab25a214 sp=0x000000ccafdfda50
Event: 1633.134 Thread 0x000001f884f984a0 DEOPT UNPACKING pc=0x000001f8a9e423a3 sp=0x000000ccafdfd9d0 mode 2
Event: 1633.135 Thread 0x000001f884f984a0 DEOPT PACKING pc=0x000001f8a6f3d212 sp=0x000000ccafdfd980
Event: 1633.135 Thread 0x000001f884f984a0 DEOPT UNPACKING pc=0x000001f8a9e42b43 sp=0x000000ccafdfce48 mode 0
Event: 1633.151 Thread 0x000001f884f984a0 Uncommon trap: trap_request=0xffffffde fr.pc=0x000001f8ab25a214 relative=0x0000000000000074
Event: 1633.151 Thread 0x000001f884f984a0 Uncommon trap: reason=class_check action=maybe_recompile pc=0x000001f8ab25a214 method=com.android.tools.build.apkzlib.zip.CentralDirectoryHeader.getCompressionInfoWithWait()Lcom/android/tools/build/apkzlib/zip/CentralDirectoryHeaderCompressInfo; @ 4 c2
Event: 1633.151 Thread 0x000001f884f984a0 DEOPT PACKING pc=0x000001f8ab25a214 sp=0x000000ccafdfdc70
Event: 1633.151 Thread 0x000001f884f984a0 DEOPT UNPACKING pc=0x000001f8a9e423a3 sp=0x000000ccafdfdbf8 mode 2
Event: 1633.152 Thread 0x000001f884f984a0 Uncommon trap: trap_request=0xffffffd6 fr.pc=0x000001f8abe7f0f8 relative=0x00000000000003b8
Event: 1633.152 Thread 0x000001f884f984a0 Uncommon trap: reason=array_check action=maybe_recompile pc=0x000001f8abe7f0f8 method=java.util.AbstractCollection.toArray([Ljava/lang/Object;)[Ljava/lang/Object; @ 116 c2
Event: 1633.152 Thread 0x000001f884f984a0 DEOPT PACKING pc=0x000001f8abe7f0f8 sp=0x000000ccafdfdbd0
Event: 1633.152 Thread 0x000001f884f984a0 DEOPT UNPACKING pc=0x000001f8a9e423a3 sp=0x000000ccafdfdb80 mode 2

Classes unloaded (20 events):
Event: 1633.182 Thread 0x000001f8ba340000 Unloading class 0x000001f8bdc9aff8 'jdk/internal/jimage/ImageHeader'
Event: 1633.182 Thread 0x000001f8ba340000 Unloading class 0x000001f8bdc9adc8 'jdk/internal/jimage/BasicImageReader$2'
Event: 1633.182 Thread 0x000001f8ba340000 Unloading class 0x000001f8bdc9ab98 'jdk/internal/jimage/BasicImageReader$1'
Event: 1633.182 Thread 0x000001f8ba340000 Unloading class 0x000001f8bdc9a930 'jdk/internal/jimage/ImageReader$Resource'
Event: 1633.182 Thread 0x000001f8ba340000 Unloading class 0x000001f8bdc9a6c8 'jdk/internal/jimage/ImageReader$LinkNode'
Event: 1633.182 Thread 0x000001f8ba340000 Unloading class 0x000001f8bdc9a460 'jdk/internal/jimage/ImageReader$Directory'
Event: 1633.182 Thread 0x000001f8ba340000 Unloading class 0x000001f8bdc9a1f8 'jdk/internal/jimage/ImageReader$Node'
Event: 1633.182 Thread 0x000001f8ba340000 Unloading class 0x000001f8bdc9a000 'jdk/internal/jimage/ImageStrings'
Event: 1633.182 Thread 0x000001f8ba340000 Unloading class 0x000001f8bdc99b50 'jdk/internal/jimage/ImageReader$SharedImageReader'
Event: 1633.182 Thread 0x000001f8ba340000 Unloading class 0x000001f8bdc99890 'jdk/internal/jimage/BasicImageReader'
Event: 1633.182 Thread 0x000001f8ba340000 Unloading class 0x000001f8bdc99670 'jdk/internal/jimage/ImageReader'
Event: 1633.182 Thread 0x000001f8ba340000 Unloading class 0x000001f8bdc99448 'jdk/internal/jrtfs/SystemImage$2'
Event: 1633.182 Thread 0x000001f8ba340000 Unloading class 0x000001f8bdc99230 'jdk/internal/jrtfs/SystemImage$$Lambda$6121+0x000001f8bdc99230'
Event: 1633.182 Thread 0x000001f8ba340000 Unloading class 0x000001f8bdc99000 'jdk/internal/jrtfs/ExplodedImage'
Event: 1633.182 Thread 0x000001f8ba340000 Unloading class 0x000001f8bdc98dc8 'jdk/internal/jrtfs/SystemImage$1'
Event: 1633.182 Thread 0x000001f8ba340000 Unloading class 0x000001f8bdc98bb0 'jdk/internal/jrtfs/SystemImage'
Event: 1633.182 Thread 0x000001f8ba340000 Unloading class 0x000001f8bdc98950 'jdk/internal/jrtfs/JrtFileStore'
Event: 1633.182 Thread 0x000001f8ba340000 Unloading class 0x000001f8bdc985d8 'jdk/internal/jrtfs/JrtPath'
Event: 1633.182 Thread 0x000001f8ba340000 Unloading class 0x000001f8bdc982e0 'jdk/internal/jrtfs/JrtFileSystem'
Event: 1633.182 Thread 0x000001f8ba340000 Unloading class 0x000001f8bdc98000 'jdk/internal/jrtfs/JrtFileSystemProvider'

Classes redefined (0 events):
No events

Internal exceptions (20 events):
Event: 1632.626 Thread 0x000001f885650340 Exception <a 'java/io/FileNotFoundException'{0x00000000ab029ba8}> (0x00000000ab029ba8) 
thrown [s\open\src\hotspot\share\prims\jni.cpp, line 516]
Event: 1632.626 Thread 0x000001f907b21f70 Exception <a 'java/io/FileNotFoundException'{0x00000000ab028848}> (0x00000000ab028848) 
thrown [s\open\src\hotspot\share\prims\jni.cpp, line 516]
Event: 1632.665 Thread 0x000001f886e80410 Exception <a 'sun/nio/fs/WindowsException'{0x00000000c99cbdf0}> (0x00000000c99cbdf0) 
thrown [s\open\src\hotspot\share\prims\jni.cpp, line 516]
Event: 1632.665 Thread 0x000001f886e80410 Exception <a 'sun/nio/fs/WindowsException'{0x00000000c99cc178}> (0x00000000c99cc178) 
thrown [s\open\src\hotspot\share\prims\jni.cpp, line 516]
Event: 1632.666 Thread 0x000001f886e80410 Exception <a 'sun/nio/fs/WindowsException'{0x00000000c99d0db0}> (0x00000000c99d0db0) 
thrown [s\open\src\hotspot\share\prims\jni.cpp, line 516]
Event: 1632.666 Thread 0x000001f886e80410 Exception <a 'sun/nio/fs/WindowsException'{0x00000000c99d1138}> (0x00000000c99d1138) 
thrown [s\open\src\hotspot\share\prims\jni.cpp, line 516]
Event: 1632.667 Thread 0x000001f886e80410 Exception <a 'sun/nio/fs/WindowsException'{0x00000000c99d67f8}> (0x00000000c99d67f8) 
thrown [s\open\src\hotspot\share\prims\jni.cpp, line 516]
Event: 1632.667 Thread 0x000001f886e7db90 Exception <a 'sun/nio/fs/WindowsException'{0x00000000c9da7b78}> (0x00000000c9da7b78) 
thrown [s\open\src\hotspot\share\prims\jni.cpp, line 516]
Event: 1632.667 Thread 0x000001f886e80410 Exception <a 'sun/nio/fs/WindowsException'{0x00000000c99d6b78}> (0x00000000c99d6b78) 
thrown [s\open\src\hotspot\share\prims\jni.cpp, line 516]
Event: 1632.667 Thread 0x000001f886e80410 Exception <a 'sun/nio/fs/WindowsException'{0x00000000c99dbf70}> (0x00000000c99dbf70) 
thrown [s\open\src\hotspot\share\prims\jni.cpp, line 516]
Event: 1632.668 Thread 0x000001f886e80410 Exception <a 'sun/nio/fs/WindowsException'{0x00000000c99dc2f0}> (0x00000000c99dc2f0) 
thrown [s\open\src\hotspot\share\prims\jni.cpp, line 516]
Event: 1632.669 Thread 0x000001f886e7f9f0 Exception <a 'sun/nio/fs/WindowsException'{0x00000000c9882730}> (0x00000000c9882730) 
thrown [s\open\src\hotspot\share\prims\jni.cpp, line 516]
Event: 1632.669 Thread 0x000001f88103cba0 Exception <a 'sun/nio/fs/WindowsException'{0x00000000c983adb8}> (0x00000000c983adb8) 
thrown [s\open\src\hotspot\share\prims\jni.cpp, line 516]
Event: 1632.669 Thread 0x000001f90e3fbb50 Exception <a 'sun/nio/fs/WindowsException'{0x00000000c9de40b8}> (0x00000000c9de40b8) 
thrown [s\open\src\hotspot\share\prims\jni.cpp, line 516]
Event: 1632.669 Thread 0x000001f88f266ff0 Exception <a 'sun/nio/fs/WindowsException'{0x00000000c9ce79e0}> (0x00000000c9ce79e0) 
thrown [s\open\src\hotspot\share\prims\jni.cpp, line 516]
Event: 1632.674 Thread 0x000001f88103cba0 Exception <a 'sun/nio/fs/WindowsException'{0x00000000c921b578}> (0x00000000c921b578) 
thrown [s\open\src\hotspot\share\prims\jni.cpp, line 516]
Event: 1632.674 Thread 0x000001f88f266ff0 Exception <a 'sun/nio/fs/WindowsException'{0x00000000c9232630}> (0x00000000c9232630) 
thrown [s\open\src\hotspot\share\prims\jni.cpp, line 516]
Event: 1632.675 Thread 0x000001f886e7db90 Exception <a 'sun/nio/fs/WindowsException'{0x00000000c93ca3d8}> (0x00000000c93ca3d8) 
thrown [s\open\src\hotspot\share\prims\jni.cpp, line 516]
Event: 1632.675 Thread 0x000001f886e7f9f0 Exception <a 'sun/nio/fs/WindowsException'{0x00000000c92f8dc0}> (0x00000000c92f8dc0) 
thrown [s\open\src\hotspot\share\prims\jni.cpp, line 516]
Event: 1632.678 Thread 0x000001f90e3fbb50 Exception <a 'sun/nio/fs/WindowsException'{0x00000000aba444b8}> (0x00000000aba444b8) 
thrown [s\open\src\hotspot\share\prims\jni.cpp, line 516]

VM Operations (20 events):
Event: 1632.645 Executing VM operation: G1CollectForAllocation done
Event: 1632.749 Executing VM operation: HandshakeAllThreads
Event: 1632.749 Executing VM operation: HandshakeAllThreads done
Event: 1632.774 Executing VM operation: HandshakeAllThreads
Event: 1632.774 Executing VM operation: HandshakeAllThreads done
Event: 1632.904 Executing VM operation: HandshakeAllThreads
Event: 1632.905 Executing VM operation: HandshakeAllThreads done
Event: 1633.114 Executing VM operation: ICBufferFull
Event: 1633.115 Executing VM operation: ICBufferFull done
Event: 1633.120 Executing VM operation: HandshakeAllThreads
Event: 1633.120 Executing VM operation: HandshakeAllThreads done
Event: 1633.123 Executing VM operation: HandshakeAllThreads
Event: 1633.123 Executing VM operation: HandshakeAllThreads done
Event: 1633.127 Executing VM operation: HandshakeAllThreads
Event: 1633.127 Executing VM operation: HandshakeAllThreads done
Event: 1633.132 Executing VM operation: HandshakeAllThreads
Event: 1633.133 Executing VM operation: HandshakeAllThreads done
Event: 1633.147 Executing VM operation: G1TryInitiateConcMark
Event: 1633.151 Executing VM operation: G1TryInitiateConcMark done
Event: 1633.181 Executing VM operation: G1Concurrent

Events (20 events):
Event: 1633.032 Thread 0x000001f90af96970 Thread exited: 0x000001f90af96970
Event: 1633.106 Thread 0x000001f90af93ef0 Thread exited: 0x000001f90af93ef0
Event: 1633.107 Thread 0x000001f908aea760 Thread exited: 0x000001f908aea760
Event: 1633.107 Thread 0x000001f8897537c0 Thread exited: 0x000001f8897537c0
Event: 1633.128 loading class sun/nio/cs/US_ASCII$Encoder
Event: 1633.128 loading class sun/nio/cs/US_ASCII$Encoder done
Event: 1633.128 loading class sun/nio/cs/Surrogate$Parser
Event: 1633.128 loading class sun/nio/cs/Surrogate$Parser done
Event: 1633.128 loading class sun/nio/cs/Surrogate
Event: 1633.128 loading class sun/nio/cs/Surrogate done
Event: 1633.128 loading class java/nio/StringCharBuffer
Event: 1633.128 loading class java/nio/StringCharBuffer done
Event: 1633.133 loading class java/util/TreeMap$AscendingSubMap
Event: 1633.134 loading class java/util/TreeMap$NavigableSubMap
Event: 1633.134 loading class java/util/TreeMap$NavigableSubMap done
Event: 1633.134 loading class java/util/TreeMap$AscendingSubMap done
Event: 1633.134 loading class java/util/TreeMap$NavigableSubMap$SubMapKeyIterator
Event: 1633.134 loading class java/util/TreeMap$NavigableSubMap$SubMapIterator
Event: 1633.134 loading class java/util/TreeMap$NavigableSubMap$SubMapIterator done
Event: 1633.134 loading class java/util/TreeMap$NavigableSubMap$SubMapKeyIterator done


Dynamic libraries:
0x00007ff670a40000 - 0x00007ff670a50000 	E:\jdk17\bin\java.exe
0x00007ffa6e590000 - 0x00007ffa6e789000 	C:\Windows\SYSTEM32\ntdll.dll
0x00007ffa6e0e0000 - 0x00007ffa6e1a2000 	C:\Windows\System32\KERNEL32.DLL
0x00007ffa6be30000 - 0x00007ffa6c127000 	C:\Windows\System32\KERNELBASE.dll
0x00007ffa6c2d0000 - 0x00007ffa6c3d0000 	C:\Windows\System32\ucrtbase.dll
0x00007ffa3dc90000 - 0x00007ffa3dca9000 	E:\jdk17\bin\jli.dll
0x00007ffa3dc70000 - 0x00007ffa3dc8b000 	E:\jdk17\bin\VCRUNTIME140.dll
0x00007ffa6da40000 - 0x00007ffa6daf1000 	C:\Windows\System32\ADVAPI32.dll
0x00007ffa6cbf0000 - 0x00007ffa6cc8e000 	C:\Windows\System32\msvcrt.dll
0x00007ffa6e260000 - 0x00007ffa6e2ff000 	C:\Windows\System32\sechost.dll
0x00007ffa6d910000 - 0x00007ffa6da36000 	C:\Windows\System32\RPCRT4.dll
0x00007ffa6c3d0000 - 0x00007ffa6c3f7000 	C:\Windows\System32\bcrypt.dll
0x00007ffa6ce00000 - 0x00007ffa6cf9d000 	C:\Windows\System32\USER32.dll
0x00007ffa6be00000 - 0x00007ffa6be22000 	C:\Windows\System32\win32u.dll
0x00007ffa6cdd0000 - 0x00007ffa6cdfb000 	C:\Windows\System32\GDI32.dll
0x00007ffa6afa0000 - 0x00007ffa6b23b000 	C:\Windows\WinSxS\amd64_microsoft.windows.common-controls_6595b64144ccf1df_6.0.19041.7548_none_60b77ab371f759b9\COMCTL32.dll
0x00007ffa6c130000 - 0x00007ffa6c24a000 	C:\Windows\System32\gdi32full.dll
0x00007ffa6c500000 - 0x00007ffa6c59d000 	C:\Windows\System32\msvcp_win.dll
0x00007ffa67cb0000 - 0x00007ffa67cba000 	C:\Windows\SYSTEM32\VERSION.dll
0x00007ffa6cbc0000 - 0x00007ffa6cbef000 	C:\Windows\System32\IMM32.DLL
0x00007ffa418f0000 - 0x00007ffa418fc000 	E:\jdk17\bin\vcruntime140_1.dll
0x00007ffa3a830000 - 0x00007ffa3a8be000 	E:\jdk17\bin\msvcp140.dll
0x00007ffa05c90000 - 0x00007ffa06870000 	E:\jdk17\bin\server\jvm.dll
0x00007ffa6d090000 - 0x00007ffa6d098000 	C:\Windows\System32\PSAPI.DLL
0x00007ffa40170000 - 0x00007ffa40179000 	C:\Windows\SYSTEM32\WSOCK32.dll
0x00007ffa6db60000 - 0x00007ffa6dbcb000 	C:\Windows\System32\WS2_32.dll
0x00007ffa60280000 - 0x00007ffa602a7000 	C:\Windows\SYSTEM32\WINMM.dll
0x00007ffa69da0000 - 0x00007ffa69db2000 	C:\Windows\SYSTEM32\kernel.appcore.dll
0x00007ffa3dc60000 - 0x00007ffa3dc6a000 	E:\jdk17\bin\jimage.dll
0x00007ffa6b560000 - 0x00007ffa6b761000 	C:\Windows\SYSTEM32\DBGHELP.DLL
0x00007ffa6b520000 - 0x00007ffa6b554000 	C:\Windows\SYSTEM32\dbgcore.DLL
0x00007ffa6bc10000 - 0x00007ffa6bc92000 	C:\Windows\System32\bcryptPrimitives.dll
0x00007ffa3a240000 - 0x00007ffa3a24e000 	E:\jdk17\bin\instrument.dll
0x00007ffa3a4a0000 - 0x00007ffa3a4c5000 	E:\jdk17\bin\java.dll
0x00007ffa335b0000 - 0x00007ffa33687000 	E:\jdk17\bin\jsvml.dll
0x00007ffa6d1a0000 - 0x00007ffa6d910000 	C:\Windows\System32\SHELL32.dll
0x00007ffa695e0000 - 0x00007ffa69d86000 	C:\Windows\SYSTEM32\windows.storage.dll
0x00007ffa6c5a0000 - 0x00007ffa6c8f3000 	C:\Windows\System32\combase.dll
0x00007ffa6af00000 - 0x00007ffa6af2b000 	C:\Windows\SYSTEM32\Wldp.dll
0x00007ffa6cfb0000 - 0x00007ffa6d086000 	C:\Windows\System32\OLEAUT32.dll
0x00007ffa6e1b0000 - 0x00007ffa6e25d000 	C:\Windows\System32\SHCORE.dll
0x00007ffa6c900000 - 0x00007ffa6c95b000 	C:\Windows\System32\shlwapi.dll
0x00007ffa6bb40000 - 0x00007ffa6bb64000 	C:\Windows\SYSTEM32\profapi.dll
0x00007ffa3a460000 - 0x00007ffa3a478000 	E:\jdk17\bin\zip.dll
0x00007ffa3a7d0000 - 0x00007ffa3a7e9000 	E:\jdk17\bin\net.dll
0x00007ffa64d80000 - 0x00007ffa64e8b000 	C:\Windows\SYSTEM32\WINHTTP.dll
0x00007ffa6abe0000 - 0x00007ffa6ac4a000 	C:\Windows\system32\mswsock.dll
0x00007ffa3a480000 - 0x00007ffa3a496000 	E:\jdk17\bin\nio.dll
0x00007ffa3a3a0000 - 0x00007ffa3a3b0000 	E:\jdk17\bin\verify.dll
0x00007ffa3a420000 - 0x00007ffa3a447000 	C:\Users\Chen\.gradle\native\660c5614fbf4a5f2a75b1949f50a0caf5cd603558e7d8a26e50b933a0cfb79d1\windows-amd64\native-platform.dll
0x00007ffa3a1c0000 - 0x00007ffa3a237000 	C:\Users\Chen\.gradle\native\0.2.8\x86_64-windows-gnu\gradle-fileevents.dll
0x00007ffa3a820000 - 0x00007ffa3a82a000 	E:\jdk17\bin\management.dll
0x00007ffa3a450000 - 0x00007ffa3a45b000 	E:\jdk17\bin\management_ext.dll
0x00007ffa6a900000 - 0x00007ffa6a93b000 	C:\Windows\SYSTEM32\IPHLPAPI.DLL
0x00007ffa6d190000 - 0x00007ffa6d198000 	C:\Windows\System32\NSI.dll
0x00007ffa656d0000 - 0x00007ffa656e7000 	C:\Windows\SYSTEM32\dhcpcsvc6.DLL
0x00007ffa656b0000 - 0x00007ffa656ce000 	C:\Windows\SYSTEM32\dhcpcsvc.DLL
0x00007ffa6a940000 - 0x00007ffa6aa0b000 	C:\Windows\SYSTEM32\DNSAPI.dll
0x00007ffa6b970000 - 0x00007ffa6b988000 	C:\Windows\SYSTEM32\CRYPTSP.dll
0x00007ffa6a5a0000 - 0x00007ffa6a5d8000 	C:\Windows\system32\rsaenh.dll
0x00007ffa6bab0000 - 0x00007ffa6bade000 	C:\Windows\SYSTEM32\USERENV.dll
0x00007ffa6aec0000 - 0x00007ffa6aecc000 	C:\Windows\SYSTEM32\CRYPTBASE.dll
0x00007ffa3a1b0000 - 0x00007ffa3a1be000 	E:\jdk17\bin\sunmscapi.dll
0x00007ffa6bca0000 - 0x00007ffa6bdfd000 	C:\Windows\System32\CRYPT32.dll
0x00007ffa6af70000 - 0x00007ffa6af97000 	C:\Windows\SYSTEM32\ncrypt.dll
0x00007ffa6af30000 - 0x00007ffa6af6b000 	C:\Windows\SYSTEM32\NTASN1.dll
0x00007ffa3a1a0000 - 0x00007ffa3a1a7000 	C:\Windows\system32\wshunix.dll
0x00007ffa3a190000 - 0x00007ffa3a197000 	E:\jdk17\bin\rmi.dll
0x00007ffa6b930000 - 0x00007ffa6b963000 	C:\Windows\SYSTEM32\ntmarta.dll

dbghelp: loaded successfully - version: 4.0.5 - missing functions: none
symbol engine: initialized successfully - sym options: 0x614 - pdb path: .;E:\jdk17\bin;C:\Windows\SYSTEM32;C:\Windows\WinSxS\amd64_microsoft.windows.common-controls_6595b64144ccf1df_6.0.19041.7548_none_60b77ab371f759b9;E:\jdk17\bin\server;C:\Users\Chen\.gradle\native\660c5614fbf4a5f2a75b1949f50a0caf5cd603558e7d8a26e50b933a0cfb79d1\windows-amd64;C:\Users\Chen\.gradle\native\0.2.8\x86_64-windows-gnu

VM Arguments:
jvm_args: --add-opens=java.base/java.lang=ALL-UNNAMED --add-opens=java.base/java.lang.invoke=ALL-UNNAMED --add-opens=java.base/java.util=ALL-UNNAMED --add-opens=java.prefs/java.util.prefs=ALL-UNNAMED --add-exports=jdk.compiler/com.sun.tools.javac.api=ALL-UNNAMED --add-exports=jdk.compiler/com.sun.tools.javac.util=ALL-UNNAMED --add-opens=java.base/java.nio.charset=ALL-UNNAMED --add-opens=java.base/java.net=ALL-UNNAMED --add-opens=java.base/java.util.concurrent=ALL-UNNAMED --add-opens=java.base/java.util.concurrent.atomic=ALL-UNNAMED --add-opens=java.xml/javax.xml.namespace=ALL-UNNAMED --add-opens=java.base/java.time=ALL-UNNAMED -Xmx2g -Dfile.encoding=UTF-8 -Duser.country=CN -Duser.language=zh -Duser.variant -javaagent:C:\Users\Chen\.gradle\wrapper\dists\gradle-9.6.1-bin\4ticwg1pgcbps2hj28r8so764\gradle-9.6.1\lib\agents\gradle-instrumentation-agent-9.6.1.jar 
java_command: org.gradle.launcher.daemon.bootstrap.GradleDaemon 9.6.1
java_class_path (initial): C:\Users\Chen\.gradle\wrapper\dists\gradle-9.6.1-bin\4ticwg1pgcbps2hj28r8so764\gradle-9.6.1\lib\gradle-daemon-main-9.6.1.jar
Launcher Type: SUN_STANDARD

[Global flags]
     intx CICompilerCount                          = 12                                        {product} {ergonomic}
     uint ConcGCThreads                            = 4                                         {product} {ergonomic}
     uint G1ConcRefinementThreads                  = 15                                        {product} {ergonomic}
   size_t G1HeapRegionSize                         = 1048576                                   {product} {ergonomic}
    uintx GCDrainStackTargetSize                   = 64                                        {product} {ergonomic}
   size_t InitialHeapSize                          = 534773760                                 {product} {ergonomic}
   size_t MarkStackSize                            = 4194304                                   {product} {ergonomic}
   size_t MaxHeapSize                              = 2147483648                                {product} {command line}
   size_t MaxNewSize                               = 1287651328                                {product} {ergonomic}
   size_t MinHeapDeltaBytes                        = 1048576                                   {product} {ergonomic}
   size_t MinHeapSize                              = 8388608                                   {product} {ergonomic}
    uintx NonNMethodCodeHeapSize                   = 7602480                                {pd product} {ergonomic}
    uintx NonProfiledCodeHeapSize                  = 122027880                              {pd product} {ergonomic}
    uintx ProfiledCodeHeapSize                     = 122027880                              {pd product} {ergonomic}
    uintx ReservedCodeCacheSize                    = 251658240                              {pd product} {ergonomic}
     bool SegmentedCodeCache                       = true                                      {product} {ergonomic}
   size_t SoftMaxHeapSize                          = 2147483648                             {manageable} {ergonomic}
     bool UseCompressedClassPointers               = true                           {product lp64_product} {ergonomic}
     bool UseCompressedOops                        = true                           {product lp64_product} {ergonomic}
     bool UseG1GC                                  = true                                      {product} {ergonomic}
     bool UseLargePagesIndividualAllocation        = false                                  {pd product} {ergonomic}

Logging:
Log output configuration:
 #0: stdout all=warning uptime,level,tags
 #1: stderr all=off uptime,level,tags

Environment Variables:
PATH=d:\cursor\cursor\resources\app\node_modules\@vscode\ripgrep\bin;E:\Vmware\bin\;C:\Program Files\Common Files\Oracle\Java\javapath;C:\Windows\system32;C:\Windows;C:\Windows\System32\Wbem;C:\Windows\System32\WindowsPowerShell\v1.0\;C:\Windows\System32\OpenSSH\;E:\Windows Kits\10\Windows Performance Toolkit\;C:\Program Files\dotnet\;C:\Program Files (x86)\cloudflared\;C:\Program Files\PyManager\;C:\Users\Chen\AppData\Local\Python\pythoncore-3.14-64\Scripts;C:\Android;C:\Windows\System32;D:\goland\go\bin;C:\Program Files\Git\cmd;C:\Users\Chen\AppData\Local\Microsoft\WindowsApps;D:\cursor\cursor\resources\app\bin;E:\Microsoft VS Code\bin;C:\Users\Chen\adb\platform-tools;C:\Users\Chen\go\bin;E:\android\SDK\cmake\4.1.2\bin
USERNAME=Chen
OS=Windows_NT
PROCESSOR_IDENTIFIER=Intel64 Family 6 Model 183 Stepping 1, GenuineIntel



---------------  S Y S T E M  ---------------

OS:
 Windows 10 , 64 bit Build 19041 (10.0.19041.7548)
OS uptime: 0 days 0:55 hours

CPU: total 20 (initial active 20) (10 cores per cpu, 2 threads per core) family 6 model 183 stepping 1 microcode 0x104, cx8, cmov, fxsr, ht, mmx, 3dnowpref, sse, sse2, sse3, ssse3, sse4.1, sse4.2, popcnt, lzcnt, tsc, tscinvbit, avx, avx2, aes, erms, clmul, bmi1, bmi2, adx, sha, fma, vzeroupper, clflush, clflushopt, clwb

Memory: 4k page, system-wide physical 32555M (21871M free)
TotalPageFile size 37419M (AvailPageFile size 24655M)
current process WorkingSet (physical memory assigned to process): 1428M, peak: 1468M
current process commit charge ("private bytes"): 1490M, peak: 1959M

vm_info: Java HotSpot(TM) 64-Bit Server VM (17.0.12+8-LTS-286) for windows-amd64 JRE (17.0.12+8-LTS-286), built on Jun  5 2024 06:46:59 by "mach5one" with MS VC++ 17.6 (VS2022)

END.
